{
  "type": "FeatureCollection",
  "features": [
    {
      "type": "Feature",
      "properties": {
        "id": 1,
        "building": "yes",
        "source": "synthetic_osm_like",
        "note": "Replace with real OSM data via Overpass API for production"
      },
      "geometry": {
        "type": "Polygon",
        "coordinates": [
          [
            [
              80.40168222144833,
              16.311941697378717
            ],
            [
              80.40168222144833,
              16.312000982467072
            ],
            [
              80.40181928428287,
              16.312000982467072
            ],
            [
              80.40181928428287,
              16.311941697378717
            ],
            [
              80.40168222144833,
              16.311941697378717
            ]
          ]
        ]
      }
    },
    {
      "type": "Feature",
      "properties": {
        "id": 2,
        "building": "yes",
        "source": "synthetic_osm_like",
        "note": "Replace with real OSM data via Overpass API for production"
      },
      "geometry": {
        "type": "Polygon",
        "coordinates": [
          [
            [
              80.46243649957631,
              16.31380887002691
            ],
            [
              80.46243649957631,
              16.313861078715377
            ],
            [
              80.46246863990237,
              16.313861078715377
            ],
            [
              80.46246863990237,
              16.31380887002691
            ],
            [
              80.46243649957631,
              16.31380887002691
            ]
          ]
        ]
      }
    },
    {
      "type": "Feature",
      "properties": {
        "id": 3,
        "building": "yes",
        "source": "synthetic_osm_like",
        "note": "Replace with real OSM data via Overpass API for production"
      },
      "geometry": {
        "type": "Polygon",
        "coordinates": [
          [
            [
              80.43533761636427,
              16.29091495500467
            ],
            [
              80.43533761636427,
              16.29094884247569
            ],
            [
              80.43541212397021,
              16.29094884247569
            ],
            [
              80.43541212397021,
              16.29091495500467
            ],
            [
              80.43533761636427,
              16.29091495500467
            ]
          ]
        ]
      }
    },
    {
      "type": "Feature",
      "properties": {
        "id": 4,
        "building": "yes",
        "source": "synthetic_osm_like",
        "note": "Replace with real OSM data via Overpass API for production"
      },
      "geometry": {
        "type": "Polygon",
        "coordinates": [
          [
            [
              80.41539783019032,
              16.307165681698205
            ],
            [
              80.41539783019032,
              16.30732846636212
            ],
            [
              80.41546385689539,
              16.30732846636212
            ],
            [
              80.41546385689539,
              16.307165681698205
            ],
            [
              80.41539783019032,
              16.307165681698205
            ]
          ]
        ]
      }
    },
    {
      "type": "Feature",
      "properties": {
        "id": 5,
        "building": "yes",
        "source": "synthetic_osm_like",
        "note": "Replace with real OSM data via Overpass API for production"
      },
      "geometry": {
        "type": "Polygon",
        "coordinates": [
          [
            [
              80.44877821858239,
              16.320261215888106
            ],
            [
              80.44877821858239,
              16.32032070929517
            ],
            [
              80.44896129671596,
              16.32032070929517
            ],
            [
              80.44896129671596,
              16.320261215888106
            ],
            [
              80.44877821858239,
              16.320261215888106
            ]
          ]
        ]
      }
    },
    {
      "type": "Feature",
      "properties": {
        "id": 6,
        "building": "yes",
        "source": "synthetic_osm_like",
        "note": "Replace with real OSM data via Overpass API for production"
      },
      "geometry": {
        "type": "Polygon",
        "coordinates": [
          [
            [
              80.40644977885184,
              16.29679068510945
            ],
            [
              80.40644977885184,
              16.29686876940181
            ],
            [
              80.40653463922139,
              16.29686876940181
            ],
            [
              80.40653463922139,
              16.29679068510945
            ],
            [
              80.40644977885184,
              16.29679068510945
            ]
          ]
        ]
      }
    },
    {
      "type": "Feature",
      "properties": {
        "id": 7,
        "building": "yes",
        "source": "synthetic_osm_like",
        "note": "Replace with real OSM data via Overpass API for production"
      },
      "geometry": {
        "type": "Polygon",
        "coordinates": [
          [
            [
              80.45101604108552,
              16.320270110799726
            ],
            [
              80.45101604108552,
              16.320442716527708
            ],
            [
              80.4511464090516,
              16.320442716527708
            ],
            [
              80.4511464090516,
              16.320270110799726
            ],
            [
              80.45101604108552,
              16.320270110799726
            ]
          ]
        ]
      }
    },
    {
      "type": "Feature",
      "properties": {
        "id": 8,
        "building": "yes",
        "source": "synthetic_osm_like",
        "note": "Replace with real OSM data via Overpass API for production"
      },
      "geometry": {
        "type": "Polygon",
        "coordinates": [
          [
            [
              80.45796705159631,
              16.307514705954052
            ],
            [
              80.45796705159631,
              16.30768935717327
            ],
            [
              80.4581496013991,
              16.30768935717327
            ],
            [
              80.4581496013991,
              16.307514705954052
            ],
            [
              80.45796705159631,
              16.307514705954052
            ]
          ]
        ]
      }
    },
    {
      "type": "Feature",
      "properties": {
        "id": 9,
        "building": "yes",
        "source": "synthetic_osm_like",
        "note": "Replace with real OSM data via Overpass API for production"
      },
      "geometry": {
        "type": "Polygon",
        "coordinates": [
          [
            [
              80.40318329201595,
              16.315198743435996
            ],
            [
              80.40318329201595,
              16.31525844018549
            ],
            [
              80.40323212169584,
              16.31525844018549
            ],
            [
              80.40323212169584,
              16.315198743435996
            ],
            [
              80.40318329201595,
              16.315198743435996
            ]
          ]
        ]
      }
    },
    {
      "type": "Feature",
      "properties": {
        "id": 10,
        "building": "yes",
        "source": "synthetic_osm_like",
        "note": "Replace with real OSM data via Overpass API for production"
      },
      "geometry": {
        "type": "Polygon",
        "coordinates": [
          [
            [
              80.407025163959,
              16.291592770258244
            ],
            [
              80.407025163959,
              16.29168631837786
            ],
            [
              80.40711503615837,
              16.29168631837786
            ],
            [
              80.40711503615837,
              16.291592770258244
            ],
            [
              80.407025163959,
              16.291592770258244
            ]
          ]
        ]
      }
    },
    {
      "type": "Feature",
      "properties": {
        "id": 11,
        "building": "yes",
        "source": "synthetic_osm_like",
        "note": "Replace with real OSM data via Overpass API for production"
      },
      "geometry": {
        "type": "Polygon",
        "coordinates": [
          [
            [
              80.41460346219353,
              16.29845094290924
            ],
            [
              80.41460346219353,
              16.298567153802445
            ],
            [
              80.4147275221145,
              16.298567153802445
            ],
            [
              80.4147275221145,
              16.29845094290924
            ],
            [
              80.41460346219353,
              16.29845094290924
            ]
          ]
        ]
      }
    },
    {
      "type": "Feature",
      "properties": {
        "id": 12,
        "building": "yes",
        "source": "synthetic_osm_like",
        "note": "Replace with real OSM data via Overpass API for production"
      },
      "geometry": {
        "type": "Polygon",
        "coordinates": [
          [
            [
              80.41189996231999,
              16.310409062947247
            ],
            [
              80.41189996231999,
              16.31050403761945
            ],
            [
              80.41205944842774,
              16.31050403761945
            ],
            [
              80.41205944842774,
              16.310409062947247
            ],
            [
              80.41189996231999,
              16.310409062947247
            ]
          ]
        ]
      }
    },
    {
      "type": "Feature",
      "properties": {
        "id": 13,
        "building": "yes",
        "source": "synthetic_osm_like",
        "note": "Replace with real OSM data via Overpass API for production"
      },
      "geometry": {
        "type": "Polygon",
        "coordinates": [
          [
            [
              80.44468971114456,
              16.329405112778378
            ],
            [
              80.44468971114456,
              16.32954722228528
            ],
            [
              80.444910255235,
              16.32954722228528
            ],
            [
              80.444910255235,
              16.329405112778378
            ],
            [
              80.44468971114456,
              16.329405112778378
            ]
          ]
        ]
      }
    },
    {
      "type": "Feature",
      "properties": {
        "id": 14,
        "building": "yes",
        "source": "synthetic_osm_like",
        "note": "Replace with real OSM data via Overpass API for production"
      },
      "geometry": {
        "type": "Polygon",
        "coordinates": [
          [
            [
              80.4160102351019,
              16.31877991873188
            ],
            [
              80.4160102351019,
              16.318820072422742
            ],
            [
              80.41605649497309,
              16.318820072422742
            ],
            [
              80.41605649497309,
              16.31877991873188
            ],
            [
              80.4160102351019,
              16.31877991873188
            ]
          ]
        ]
      }
    },
    {
      "type": "Feature",
      "properties": {
        "id": 15,
        "building": "yes",
        "source": "synthetic_osm_like",
        "note": "Replace with real OSM data via Overpass API for production"
      },
      "geometry": {
        "type": "Polygon",
        "coordinates": [
          [
            [
              80.46587774413906,
              16.29048274463523
            ],
            [
              80.46587774413906,
              16.2906155397234
            ],
            [
              80.46612961586784,
              16.2906155397234
            ],
            [
              80.46612961586784,
              16.29048274463523
            ],
            [
              80.46587774413906,
              16.29048274463523
            ]
          ]
        ]
      }
    },
    {
      "type": "Feature",
      "properties": {
        "id": 16,
        "building": "yes",
        "source": "synthetic_osm_like",
        "note": "Replace with real OSM data via Overpass API for production"
      },
      "geometry": {
        "type": "Polygon",
        "coordinates": [
          [
            [
              80.46396995626955,
              16.29974077174611
            ],
            [
              80.46396995626955,
              16.29982241835996
            ],
            [
              80.46406670629412,
              16.29982241835996
            ],
            [
              80.46406670629412,
              16.29974077174611
            ],
            [
              80.46396995626955,
              16.29974077174611
            ]
          ]
        ]
      }
    },
    {
      "type": "Feature",
      "properties": {
        "id": 17,
        "building": "yes",
        "source": "synthetic_osm_like",
        "note": "Replace with real OSM data via Overpass API for production"
      },
      "geometry": {
        "type": "Polygon",
        "coordinates": [
          [
            [
              80.41832109114343,
              16.307981960743653
            ],
            [
              80.41832109114343,
              16.308154852672658
            ],
            [
              80.41846273404978,
              16.308154852672658
            ],
            [
              80.41846273404978,
              16.307981960743653
            ],
            [
              80.41832109114343,
              16.307981960743653
            ]
          ]
        ]
      }
    },
    {
      "type": "Feature",
      "properties": {
        "id": 18,
        "building": "yes",
        "source": "synthetic_osm_like",
        "note": "Replace with real OSM data via Overpass API for production"
      },
      "geometry": {
        "type": "Polygon",
        "coordinates": [
          [
            [
              80.4697938704151,
              16.290932482418423
            ],
            [
              80.4697938704151,
              16.290999593497308
            ],
            [
              80.4698613944942,
              16.290999593497308
            ],
            [
              80.4698613944942,
              16.290932482418423
            ],
            [
              80.4697938704151,
              16.290932482418423
            ]
          ]
        ]
      }
    },
    {
      "type": "Feature",
      "properties": {
        "id": 19,
        "building": "yes",
        "source": "synthetic_osm_like",
        "note": "Replace with real OSM data via Overpass API for production"
      },
      "geometry": {
        "type": "Polygon",
        "coordinates": [
          [
            [
              80.44387419948991,
              16.285412535757388
            ],
            [
              80.44387419948991,
              16.285552377277682
            ],
            [
              80.44396824634852,
              16.285552377277682
            ],
            [
              80.44396824634852,
              16.285412535757388
            ],
            [
              80.44387419948991,
              16.285412535757388
            ]
          ]
        ]
      }
    },
    {
      "type": "Feature",
      "properties": {
        "id": 20,
        "building": "yes",
        "source": "synthetic_osm_like",
        "note": "Replace with real OSM data via Overpass API for production"
      },
      "geometry": {
        "type": "Polygon",
        "coordinates": [
          [
            [
              80.46962006090254,
              16.29899548587593
            ],
            [
              80.46962006090254,
              16.299166442774723
            ],
            [
              80.46983693233108,
              16.299166442774723
            ],
            [
              80.46983693233108,
              16.29899548587593
            ],
            [
              80.46962006090254,
              16.29899548587593
            ]
          ]
        ]
      }
    },
    {
      "type": "Feature",
      "properties": {
        "id": 21,
        "building": "yes",
        "source": "synthetic_osm_like",
        "note": "Replace with real OSM data via Overpass API for production"
      },
      "geometry": {
        "type": "Polygon",
        "coordinates": [
          [
            [
              80.45038639105947,
              16.280503135928925
            ],
            [
              80.45038639105947,
              16.280644966265356
            ],
            [
              80.45051466365096,
              16.280644966265356
            ],
            [
              80.45051466365096,
              16.280503135928925
            ],
            [
              80.45038639105947,
              16.280503135928925
            ]
          ]
        ]
      }
    },
    {
      "type": "Feature",
      "properties": {
        "id": 22,
        "building": "yes",
        "source": "synthetic_osm_like",
        "note": "Replace with real OSM data via Overpass API for production"
      },
      "geometry": {
        "type": "Polygon",
        "coordinates": [
          [
            [
              80.40770454782592,
              16.311998735332217
            ],
            [
              80.40770454782592,
              16.31209744452576
            ],
            [
              80.40791275647751,
              16.31209744452576
            ],
            [
              80.40791275647751,
              16.311998735332217
            ],
            [
              80.40770454782592,
              16.311998735332217
            ]
          ]
        ]
      }
    },
    {
      "type": "Feature",
      "properties": {
        "id": 23,
        "building": "yes",
        "source": "synthetic_osm_like",
        "note": "Replace with real OSM data via Overpass API for production"
      },
      "geometry": {
        "type": "Polygon",
        "coordinates": [
          [
            [
              80.41832781837435,
              16.323754517684524
            ],
            [
              80.41832781837435,
              16.323830776353294
            ],
            [
              80.41854664873081,
              16.323830776353294
            ],
            [
              80.41854664873081,
              16.323754517684524
            ],
            [
              80.41832781837435,
              16.323754517684524
            ]
          ]
        ]
      }
    },
    {
      "type": "Feature",
      "properties": {
        "id": 24,
        "building": "yes",
        "source": "synthetic_osm_like",
        "note": "Replace with real OSM data via Overpass API for production"
      },
      "geometry": {
        "type": "Polygon",
        "coordinates": [
          [
            [
              80.4208413580865,
              16.323453284355995
            ],
            [
              80.4208413580865,
              16.323598572627677
            ],
            [
              80.4209409127163,
              16.323598572627677
            ],
            [
              80.4209409127163,
              16.323453284355995
            ],
            [
              80.4208413580865,
              16.323453284355995
            ]
          ]
        ]
      }
    },
    {
      "type": "Feature",
      "properties": {
        "id": 25,
        "building": "yes",
        "source": "synthetic_osm_like",
        "note": "Replace with real OSM data via Overpass API for production"
      },
      "geometry": {
        "type": "Polygon",
        "coordinates": [
          [
            [
              80.4377174346347,
              16.31804834957017
            ],
            [
              80.4377174346347,
              16.318202730437342
            ],
            [
              80.43779562958206,
              16.318202730437342
            ],
            [
              80.43779562958206,
              16.31804834957017
            ],
            [
              80.4377174346347,
              16.31804834957017
            ]
          ]
        ]
      }
    },
    {
      "type": "Feature",
      "properties": {
        "id": 26,
        "building": "yes",
        "source": "synthetic_osm_like",
        "note": "Replace with real OSM data via Overpass API for production"
      },
      "geometry": {
        "type": "Polygon",
        "coordinates": [
          [
            [
              80.40120851838391,
              16.296090536688617
            ],
            [
              80.40120851838391,
              16.29632506901185
            ],
            [
              80.4015182255501,
              16.29632506901185
            ],
            [
              80.4015182255501,
              16.296090536688617
            ],
            [
              80.40120851838391,
              16.296090536688617
            ]
          ]
        ]
      }
    },
    {
      "type": "Feature",
      "properties": {
        "id": 27,
        "building": "yes",
        "source": "synthetic_osm_like",
        "note": "Replace with real OSM data via Overpass API for production"
      },
      "geometry": {
        "type": "Polygon",
        "coordinates": [
          [
            [
              80.40400132326376,
              16.295257617518047
            ],
            [
              80.40400132326376,
              16.295493795022217
            ],
            [
              80.40410820004543,
              16.295493795022217
            ],
            [
              80.40410820004543,
              16.295257617518047
            ],
            [
              80.40400132326376,
              16.295257617518047
            ]
          ]
        ]
      }
    },
    {
      "type": "Feature",
      "properties": {
        "id": 28,
        "building": "yes",
        "source": "synthetic_osm_like",
        "note": "Replace with real OSM data via Overpass API for production"
      },
      "geometry": {
        "type": "Polygon",
        "coordinates": [
          [
            [
              80.40479169233768,
              16.304206228527566
            ],
            [
              80.40479169233768,
              16.304392817804096
            ],
            [
              80.40489806024792,
              16.304392817804096
            ],
            [
              80.40489806024792,
              16.304206228527566
            ],
            [
              80.40479169233768,
              16.304206228527566
            ]
          ]
        ]
      }
    },
    {
      "type": "Feature",
      "properties": {
        "id": 29,
        "building": "yes",
        "source": "synthetic_osm_like",
        "note": "Replace with real OSM data via Overpass API for production"
      },
      "geometry": {
        "type": "Polygon",
        "coordinates": [
          [
            [
              80.43843858855615,
              16.303708788540515
            ],
            [
              80.43843858855615,
              16.30381944926936
            ],
            [
              80.43853391453314,
              16.30381944926936
            ],
            [
              80.43853391453314,
              16.303708788540515
            ],
            [
              80.43843858855615,
              16.303708788540515
            ]
          ]
        ]
      }
    },
    {
      "type": "Feature",
      "properties": {
        "id": 30,
        "building": "yes",
        "source": "synthetic_osm_like",
        "note": "Replace with real OSM data via Overpass API for production"
      },
      "geometry": {
        "type": "Polygon",
        "coordinates": [
          [
            [
              80.43767851415454,
              16.290539682844432
            ],
            [
              80.43767851415454,
              16.290640137699775
            ],
            [
              80.43782293827458,
              16.290640137699775
            ],
            [
              80.43782293827458,
              16.290539682844432
            ],
            [
              80.43767851415454,
              16.290539682844432
            ]
          ]
        ]
      }
    },
    {
      "type": "Feature",
      "properties": {
        "id": 31,
        "building": "yes",
        "source": "synthetic_osm_like",
        "note": "Replace with real OSM data via Overpass API for production"
      },
      "geometry": {
        "type": "Polygon",
        "coordinates": [
          [
            [
              80.44545455444096,
              16.32970458030104
            ],
            [
              80.44545455444096,
              16.329810355365048
            ],
            [
              80.44552837362856,
              16.329810355365048
            ],
            [
              80.44552837362856,
              16.32970458030104
            ],
            [
              80.44545455444096,
              16.32970458030104
            ]
          ]
        ]
      }
    },
    {
      "type": "Feature",
      "properties": {
        "id": 32,
        "building": "yes",
        "source": "synthetic_osm_like",
        "note": "Replace with real OSM data via Overpass API for production"
      },
      "geometry": {
        "type": "Polygon",
        "coordinates": [
          [
            [
              80.42361227424118,
              16.291189531033204
            ],
            [
              80.42361227424118,
              16.291280202669952
            ],
            [
              80.42371970445947,
              16.291280202669952
            ],
            [
              80.42371970445947,
              16.291189531033204
            ],
            [
              80.42361227424118,
              16.291189531033204
            ]
          ]
        ]
      }
    },
    {
      "type": "Feature",
      "properties": {
        "id": 33,
        "building": "yes",
        "source": "synthetic_osm_like",
        "note": "Replace with real OSM data via Overpass API for production"
      },
      "geometry": {
        "type": "Polygon",
        "coordinates": [
          [
            [
              80.44410658539017,
              16.28349641368539
            ],
            [
              80.44410658539017,
              16.28360289491551
            ],
            [
              80.44424782862764,
              16.28360289491551
            ],
            [
              80.44424782862764,
              16.28349641368539
            ],
            [
              80.44410658539017,
              16.28349641368539
            ]
          ]
        ]
      }
    },
    {
      "type": "Feature",
      "properties": {
        "id": 34,
        "building": "yes",
        "source": "synthetic_osm_like",
        "note": "Replace with real OSM data via Overpass API for production"
      },
      "geometry": {
        "type": "Polygon",
        "coordinates": [
          [
            [
              80.41661118641608,
              16.28349463576462
            ],
            [
              80.41661118641608,
              16.283591099224246
            ],
            [
              80.4167094623956,
              16.283591099224246
            ],
            [
              80.4167094623956,
              16.28349463576462
            ],
            [
              80.41661118641608,
              16.28349463576462
            ]
          ]
        ]
      }
    },
    {
      "type": "Feature",
      "properties": {
        "id": 35,
        "building": "yes",
        "source": "synthetic_osm_like",
        "note": "Replace with real OSM data via Overpass API for production"
      },
      "geometry": {
        "type": "Polygon",
        "coordinates": [
          [
            [
              80.43987618561798,
              16.32670595307805
            ],
            [
              80.43987618561798,
              16.326845470980015
            ],
            [
              80.44006984744757,
              16.326845470980015
            ],
            [
              80.44006984744757,
              16.32670595307805
            ],
            [
              80.43987618561798,
              16.32670595307805
            ]
          ]
        ]
      }
    },
    {
      "type": "Feature",
      "properties": {
        "id": 36,
        "building": "yes",
        "source": "synthetic_osm_like",
        "note": "Replace with real OSM data via Overpass API for production"
      },
      "geometry": {
        "type": "Polygon",
        "coordinates": [
          [
            [
              80.40672074464715,
              16.289472932216576
            ],
            [
              80.40672074464715,
              16.28956805921961
            ],
            [
              80.4068495693449,
              16.28956805921961
            ],
            [
              80.4068495693449,
              16.289472932216576
            ],
            [
              80.40672074464715,
              16.289472932216576
            ]
          ]
        ]
      }
    },
    {
      "type": "Feature",
      "properties": {
        "id": 37,
        "building": "yes",
        "source": "synthetic_osm_like",
        "note": "Replace with real OSM data via Overpass API for production"
      },
      "geometry": {
        "type": "Polygon",
        "coordinates": [
          [
            [
              80.44703341640404,
              16.316400674344553
            ],
            [
              80.44703341640404,
              16.31650691060143
            ],
            [
              80.44723762021702,
              16.31650691060143
            ],
            [
              80.44723762021702,
              16.316400674344553
            ],
            [
              80.44703341640404,
              16.316400674344553
            ]
          ]
        ]
      }
    },
    {
      "type": "Feature",
      "properties": {
        "id": 38,
        "building": "yes",
        "source": "synthetic_osm_like",
        "note": "Replace with real OSM data via Overpass API for production"
      },
      "geometry": {
        "type": "Polygon",
        "coordinates": [
          [
            [
              80.46026916138712,
              16.296938066773546
            ],
            [
              80.46026916138712,
              16.29699219376595
            ],
            [
              80.46036499370229,
              16.29699219376595
            ],
            [
              80.46036499370229,
              16.296938066773546
            ],
            [
              80.46026916138712,
              16.296938066773546
            ]
          ]
        ]
      }
    },
    {
      "type": "Feature",
      "properties": {
        "id": 39,
        "building": "yes",
        "source": "synthetic_osm_like",
        "note": "Replace with real OSM data via Overpass API for production"
      },
      "geometry": {
        "type": "Polygon",
        "coordinates": [
          [
            [
              80.41945048491303,
              16.30103816462803
            ],
            [
              80.41945048491303,
              16.301149999355413
            ],
            [
              80.41954583534036,
              16.301149999355413
            ],
            [
              80.41954583534036,
              16.30103816462803
            ],
            [
              80.41945048491303,
              16.30103816462803
            ]
          ]
        ]
      }
    },
    {
      "type": "Feature",
      "properties": {
        "id": 40,
        "building": "yes",
        "source": "synthetic_osm_like",
        "note": "Replace with real OSM data via Overpass API for production"
      },
      "geometry": {
        "type": "Polygon",
        "coordinates": [
          [
            [
              80.43847549610868,
              16.323028674671814
            ],
            [
              80.43847549610868,
              16.323106235804364
            ],
            [
              80.4385700476343,
              16.323106235804364
            ],
            [
              80.4385700476343,
              16.323028674671814
            ],
            [
              80.43847549610868,
              16.323028674671814
            ]
          ]
        ]
      }
    },
    {
      "type": "Feature",
      "properties": {
        "id": 41,
        "building": "yes",
        "source": "synthetic_osm_like",
        "note": "Replace with real OSM data via Overpass API for production"
      },
      "geometry": {
        "type": "Polygon",
        "coordinates": [
          [
            [
              80.46474374571518,
              16.328396749683705
            ],
            [
              80.46474374571518,
              16.328502876044766
            ],
            [
              80.46494763190596,
              16.328502876044766
            ],
            [
              80.46494763190596,
              16.328396749683705
            ],
            [
              80.46474374571518,
              16.328396749683705
            ]
          ]
        ]
      }
    },
    {
      "type": "Feature",
      "properties": {
        "id": 42,
        "building": "yes",
        "source": "synthetic_osm_like",
        "note": "Replace with real OSM data via Overpass API for production"
      },
      "geometry": {
        "type": "Polygon",
        "coordinates": [
          [
            [
              80.42801840105487,
              16.29066415282512
            ],
            [
              80.42801840105487,
              16.290710577094803
            ],
            [
              80.42812723990205,
              16.290710577094803
            ],
            [
              80.42812723990205,
              16.29066415282512
            ],
            [
              80.42801840105487,
              16.29066415282512
            ]
          ]
        ]
      }
    },
    {
      "type": "Feature",
      "properties": {
        "id": 43,
        "building": "yes",
        "source": "synthetic_osm_like",
        "note": "Replace with real OSM data via Overpass API for production"
      },
      "geometry": {
        "type": "Polygon",
        "coordinates": [
          [
            [
              80.45477781375025,
              16.293211129016367
            ],
            [
              80.45477781375025,
              16.29330917680085
            ],
            [
              80.45499207052255,
              16.29330917680085
            ],
            [
              80.45499207052255,
              16.293211129016367
            ],
            [
              80.45477781375025,
              16.293211129016367
            ]
          ]
        ]
      }
    },
    {
      "type": "Feature",
      "properties": {
        "id": 44,
        "building": "yes",
        "source": "synthetic_osm_like",
        "note": "Replace with real OSM data via Overpass API for production"
      },
      "geometry": {
        "type": "Polygon",
        "coordinates": [
          [
            [
              80.43883400115239,
              16.329724736001783
            ],
            [
              80.43883400115239,
              16.329817532947484
            ],
            [
              80.4389735641244,
              16.329817532947484
            ],
            [
              80.4389735641244,
              16.329724736001783
            ],
            [
              80.43883400115239,
              16.329724736001783
            ]
          ]
        ]
      }
    },
    {
      "type": "Feature",
      "properties": {
        "id": 45,
        "building": "yes",
        "source": "synthetic_osm_like",
        "note": "Replace with real OSM data via Overpass API for production"
      },
      "geometry": {
        "type": "Polygon",
        "coordinates": [
          [
            [
              80.44050661649722,
              16.328361853564637
            ],
            [
              80.44050661649722,
              16.32850908293228
            ],
            [
              80.44057862421705,
              16.32850908293228
            ],
            [
              80.44057862421705,
              16.328361853564637
            ],
            [
              80.44050661649722,
              16.328361853564637
            ]
          ]
        ]
      }
    },
    {
      "type": "Feature",
      "properties": {
        "id": 46,
        "building": "yes",
        "source": "synthetic_osm_like",
        "note": "Replace with real OSM data via Overpass API for production"
      },
      "geometry": {
        "type": "Polygon",
        "coordinates": [
          [
            [
              80.43503790768914,
              16.30915634534857
            ],
            [
              80.43503790768914,
              16.309261414097328
            ],
            [
              80.4353611459196,
              16.309261414097328
            ],
            [
              80.4353611459196,
              16.30915634534857
            ],
            [
              80.43503790768914,
              16.30915634534857
            ]
          ]
        ]
      }
    },
    {
      "type": "Feature",
      "properties": {
        "id": 47,
        "building": "yes",
        "source": "synthetic_osm_like",
        "note": "Replace with real OSM data via Overpass API for production"
      },
      "geometry": {
        "type": "Polygon",
        "coordinates": [
          [
            [
              80.41295217731594,
              16.283932066912442
            ],
            [
              80.41295217731594,
              16.284079079611615
            ],
            [
              80.41306331722136,
              16.284079079611615
            ],
            [
              80.41306331722136,
              16.283932066912442
            ],
            [
              80.41295217731594,
              16.283932066912442
            ]
          ]
        ]
      }
    },
    {
      "type": "Feature",
      "properties": {
        "id": 48,
        "building": "yes",
        "source": "synthetic_osm_like",
        "note": "Replace with real OSM data via Overpass API for production"
      },
      "geometry": {
        "type": "Polygon",
        "coordinates": [
          [
            [
              80.4622619796218,
              16.285951593961016
            ],
            [
              80.4622619796218,
              16.286037067433696
            ],
            [
              80.46237824435632,
              16.286037067433696
            ],
            [
              80.46237824435632,
              16.285951593961016
            ],
            [
              80.4622619796218,
              16.285951593961016
            ]
          ]
        ]
      }
    },
    {
      "type": "Feature",
      "properties": {
        "id": 49,
        "building": "yes",
        "source": "synthetic_osm_like",
        "note": "Replace with real OSM data via Overpass API for production"
      },
      "geometry": {
        "type": "Polygon",
        "coordinates": [
          [
            [
              80.44080860016429,
              16.30087849277636
            ],
            [
              80.44080860016429,
              16.301043998757226
            ],
            [
              80.4409055203365,
              16.301043998757226
            ],
            [
              80.4409055203365,
              16.30087849277636
            ],
            [
              80.44080860016429,
              16.30087849277636
            ]
          ]
        ]
      }
    },
    {
      "type": "Feature",
      "properties": {
        "id": 50,
        "building": "yes",
        "source": "synthetic_osm_like",
        "note": "Replace with real OSM data via Overpass API for production"
      },
      "geometry": {
        "type": "Polygon",
        "coordinates": [
          [
            [
              80.41665939162748,
              16.315752032874446
            ],
            [
              80.41665939162748,
              16.315867147204496
            ],
            [
              80.41675664173876,
              16.315867147204496
            ],
            [
              80.41675664173876,
              16.315752032874446
            ],
            [
              80.41665939162748,
              16.315752032874446
            ]
          ]
        ]
      }
    },
    {
      "type": "Feature",
      "properties": {
        "id": 51,
        "building": "yes",
        "source": "synthetic_osm_like",
        "note": "Replace with real OSM data via Overpass API for production"
      },
      "geometry": {
        "type": "Polygon",
        "coordinates": [
          [
            [
              80.45257360090655,
              16.295782655255298
            ],
            [
              80.45257360090655,
              16.29583506437189
            ],
            [
              80.45268742803147,
              16.29583506437189
            ],
            [
              80.45268742803147,
              16.295782655255298
            ],
            [
              80.45257360090655,
              16.295782655255298
            ]
          ]
        ]
      }
    },
    {
      "type": "Feature",
      "properties": {
        "id": 52,
        "building": "yes",
        "source": "synthetic_osm_like",
        "note": "Replace with real OSM data via Overpass API for production"
      },
      "geometry": {
        "type": "Polygon",
        "coordinates": [
          [
            [
              80.40505535851433,
              16.32977664871059
            ],
            [
              80.40505535851433,
              16.329832996074913
            ],
            [
              80.40520114243962,
              16.329832996074913
            ],
            [
              80.40520114243962,
              16.32977664871059
            ],
            [
              80.40505535851433,
              16.32977664871059
            ]
          ]
        ]
      }
    },
    {
      "type": "Feature",
      "properties": {
        "id": 53,
        "building": "yes",
        "source": "synthetic_osm_like",
        "note": "Replace with real OSM data via Overpass API for production"
      },
      "geometry": {
        "type": "Polygon",
        "coordinates": [
          [
            [
              80.46146253590045,
              16.324012061706043
            ],
            [
              80.46146253590045,
              16.324074355662596
            ],
            [
              80.46163529804737,
              16.324074355662596
            ],
            [
              80.46163529804737,
              16.324012061706043
            ],
            [
              80.46146253590045,
              16.324012061706043
            ]
          ]
        ]
      }
    },
    {
      "type": "Feature",
      "properties": {
        "id": 54,
        "building": "yes",
        "source": "synthetic_osm_like",
        "note": "Replace with real OSM data via Overpass API for production"
      },
      "geometry": {
        "type": "Polygon",
        "coordinates": [
          [
            [
              80.44277000371252,
              16.315074325866206
            ],
            [
              80.44277000371252,
              16.31527966664253
            ],
            [
              80.44286488348911,
              16.31527966664253
            ],
            [
              80.44286488348911,
              16.315074325866206
            ],
            [
              80.44277000371252,
              16.315074325866206
            ]
          ]
        ]
      }
    },
    {
      "type": "Feature",
      "properties": {
        "id": 55,
        "building": "yes",
        "source": "synthetic_osm_like",
        "note": "Replace with real OSM data via Overpass API for production"
      },
      "geometry": {
        "type": "Polygon",
        "coordinates": [
          [
            [
              80.42090743161867,
              16.320758579020804
            ],
            [
              80.42090743161867,
              16.320951834490742
            ],
            [
              80.42100559368933,
              16.320951834490742
            ],
            [
              80.42100559368933,
              16.320758579020804
            ],
            [
              80.42090743161867,
              16.320758579020804
            ]
          ]
        ]
      }
    },
    {
      "type": "Feature",
      "properties": {
        "id": 56,
        "building": "yes",
        "source": "synthetic_osm_like",
        "note": "Replace with real OSM data via Overpass API for production"
      },
      "geometry": {
        "type": "Polygon",
        "coordinates": [
          [
            [
              80.40740494958143,
              16.285725300928377
            ],
            [
              80.40740494958143,
              16.285817566113536
            ],
            [
              80.4075800872979,
              16.285817566113536
            ],
            [
              80.4075800872979,
              16.285725300928377
            ],
            [
              80.40740494958143,
              16.285725300928377
            ]
          ]
        ]
      }
    },
    {
      "type": "Feature",
      "properties": {
        "id": 57,
        "building": "yes",
        "source": "synthetic_osm_like",
        "note": "Replace with real OSM data via Overpass API for production"
      },
      "geometry": {
        "type": "Polygon",
        "coordinates": [
          [
            [
              80.4141680753328,
              16.315830806386384
            ],
            [
              80.4141680753328,
              16.315930412327493
            ],
            [
              80.41433554839305,
              16.315930412327493
            ],
            [
              80.41433554839305,
              16.315830806386384
            ],
            [
              80.4141680753328,
              16.315830806386384
            ]
          ]
        ]
      }
    },
    {
      "type": "Feature",
      "properties": {
        "id": 58,
        "building": "yes",
        "source": "synthetic_osm_like",
        "note": "Replace with real OSM data via Overpass API for production"
      },
      "geometry": {
        "type": "Polygon",
        "coordinates": [
          [
            [
              80.45919991821322,
              16.32524033987784
            ],
            [
              80.45919991821322,
              16.325293309230087
            ],
            [
              80.45925460164807,
              16.325293309230087
            ],
            [
              80.45925460164807,
              16.32524033987784
            ],
            [
              80.45919991821322,
              16.32524033987784
            ]
          ]
        ]
      }
    },
    {
      "type": "Feature",
      "properties": {
        "id": 59,
        "building": "yes",
        "source": "synthetic_osm_like",
        "note": "Replace with real OSM data via Overpass API for production"
      },
      "geometry": {
        "type": "Polygon",
        "coordinates": [
          [
            [
              80.45386855723756,
              16.280127466116845
            ],
            [
              80.45386855723756,
              16.280227102791933
            ],
            [
              80.4540881339852,
              16.280227102791933
            ],
            [
              80.4540881339852,
              16.280127466116845
            ],
            [
              80.45386855723756,
              16.280127466116845
            ]
          ]
        ]
      }
    },
    {
      "type": "Feature",
      "properties": {
        "id": 60,
        "building": "yes",
        "source": "synthetic_osm_like",
        "note": "Replace with real OSM data via Overpass API for production"
      },
      "geometry": {
        "type": "Polygon",
        "coordinates": [
          [
            [
              80.42989415024688,
              16.307570727596786
            ],
            [
              80.42989415024688,
              16.30759731451585
            ],
            [
              80.42998201841043,
              16.30759731451585
            ],
            [
              80.42998201841043,
              16.307570727596786
            ],
            [
              80.42989415024688,
              16.307570727596786
            ]
          ]
        ]
      }
    },
    {
      "type": "Feature",
      "properties": {
        "id": 61,
        "building": "yes",
        "source": "synthetic_osm_like",
        "note": "Replace with real OSM data via Overpass API for production"
      },
      "geometry": {
        "type": "Polygon",
        "coordinates": [
          [
            [
              80.43813210973046,
              16.325111248896757
            ],
            [
              80.43813210973046,
              16.32528160825923
            ],
            [
              80.43825053075831,
              16.32528160825923
            ],
            [
              80.43825053075831,
              16.325111248896757
            ],
            [
              80.43813210973046,
              16.325111248896757
            ]
          ]
        ]
      }
    },
    {
      "type": "Feature",
      "properties": {
        "id": 62,
        "building": "yes",
        "source": "synthetic_osm_like",
        "note": "Replace with real OSM data via Overpass API for production"
      },
      "geometry": {
        "type": "Polygon",
        "coordinates": [
          [
            [
              80.42142316536338,
              16.28626466519824
            ],
            [
              80.42142316536338,
              16.28647988672998
            ],
            [
              80.42173300362684,
              16.28647988672998
            ],
            [
              80.42173300362684,
              16.28626466519824
            ],
            [
              80.42142316536338,
              16.28626466519824
            ]
          ]
        ]
      }
    },
    {
      "type": "Feature",
      "properties": {
        "id": 63,
        "building": "yes",
        "source": "synthetic_osm_like",
        "note": "Replace with real OSM data via Overpass API for production"
      },
      "geometry": {
        "type": "Polygon",
        "coordinates": [
          [
            [
              80.4146370155368,
              16.324922560463868
            ],
            [
              80.4146370155368,
              16.324969903188773
            ],
            [
              80.41477369983077,
              16.324969903188773
            ],
            [
              80.41477369983077,
              16.324922560463868
            ],
            [
              80.4146370155368,
              16.324922560463868
            ]
          ]
        ]
      }
    },
    {
      "type": "Feature",
      "properties": {
        "id": 64,
        "building": "yes",
        "source": "synthetic_osm_like",
        "note": "Replace with real OSM data via Overpass API for production"
      },
      "geometry": {
        "type": "Polygon",
        "coordinates": [
          [
            [
              80.42831951397568,
              16.324164664430963
            ],
            [
              80.42831951397568,
              16.324248805714138
            ],
            [
              80.42857332060083,
              16.324248805714138
            ],
            [
              80.42857332060083,
              16.324164664430963
            ],
            [
              80.42831951397568,
              16.324164664430963
            ]
          ]
        ]
      }
    },
    {
      "type": "Feature",
      "properties": {
        "id": 65,
        "building": "yes",
        "source": "synthetic_osm_like",
        "note": "Replace with real OSM data via Overpass API for production"
      },
      "geometry": {
        "type": "Polygon",
        "coordinates": [
          [
            [
              80.46829127617755,
              16.323123802243146
            ],
            [
              80.46829127617755,
              16.323336767378848
            ],
            [
              80.46837756843277,
              16.323336767378848
            ],
            [
              80.46837756843277,
              16.323123802243146
            ],
            [
              80.46829127617755,
              16.323123802243146
            ]
          ]
        ]
      }
    },
    {
      "type": "Feature",
      "properties": {
        "id": 66,
        "building": "yes",
        "source": "synthetic_osm_like",
        "note": "Replace with real OSM data via Overpass API for production"
      },
      "geometry": {
        "type": "Polygon",
        "coordinates": [
          [
            [
              80.42309358942671,
              16.31671731228244
            ],
            [
              80.42309358942671,
              16.316939134893065
            ],
            [
              80.42341237608579,
              16.316939134893065
            ],
            [
              80.42341237608579,
              16.31671731228244
            ],
            [
              80.42309358942671,
              16.31671731228244
            ]
          ]
        ]
      }
    },
    {
      "type": "Feature",
      "properties": {
        "id": 67,
        "building": "yes",
        "source": "synthetic_osm_like",
        "note": "Replace with real OSM data via Overpass API for production"
      },
      "geometry": {
        "type": "Polygon",
        "coordinates": [
          [
            [
              80.41853413357886,
              16.320491551064695
            ],
            [
              80.41853413357886,
              16.32058338059274
            ],
            [
              80.41881866576436,
              16.32058338059274
            ],
            [
              80.41881866576436,
              16.320491551064695
            ],
            [
              80.41853413357886,
              16.320491551064695
            ]
          ]
        ]
      }
    },
    {
      "type": "Feature",
      "properties": {
        "id": 68,
        "building": "yes",
        "source": "synthetic_osm_like",
        "note": "Replace with real OSM data via Overpass API for production"
      },
      "geometry": {
        "type": "Polygon",
        "coordinates": [
          [
            [
              80.4154930401984,
              16.322855264087035
            ],
            [
              80.4154930401984,
              16.323004061046742
            ],
            [
              80.415647680258,
              16.323004061046742
            ],
            [
              80.415647680258,
              16.322855264087035
            ],
            [
              80.4154930401984,
              16.322855264087035
            ]
          ]
        ]
      }
    },
    {
      "type": "Feature",
      "properties": {
        "id": 69,
        "building": "yes",
        "source": "synthetic_osm_like",
        "note": "Replace with real OSM data via Overpass API for production"
      },
      "geometry": {
        "type": "Polygon",
        "coordinates": [
          [
            [
              80.41590681285044,
              16.31975060370894
            ],
            [
              80.41590681285044,
              16.319783946206343
            ],
            [
              80.41595655538666,
              16.319783946206343
            ],
            [
              80.41595655538666,
              16.31975060370894
            ],
            [
              80.41590681285044,
              16.31975060370894
            ]
          ]
        ]
      }
    },
    {
      "type": "Feature",
      "properties": {
        "id": 70,
        "building": "yes",
        "source": "synthetic_osm_like",
        "note": "Replace with real OSM data via Overpass API for production"
      },
      "geometry": {
        "type": "Polygon",
        "coordinates": [
          [
            [
              80.46763496189061,
              16.323170545727443
            ],
            [
              80.46763496189061,
              16.32326474847558
            ],
            [
              80.46772951267616,
              16.32326474847558
            ],
            [
              80.46772951267616,
              16.323170545727443
            ],
            [
              80.46763496189061,
              16.323170545727443
            ]
          ]
        ]
      }
    },
    {
      "type": "Feature",
      "properties": {
        "id": 71,
        "building": "yes",
        "source": "synthetic_osm_like",
        "note": "Replace with real OSM data via Overpass API for production"
      },
      "geometry": {
        "type": "Polygon",
        "coordinates": [
          [
            [
              80.4373603857608,
              16.329004726606726
            ],
            [
              80.4373603857608,
              16.329110242113096
            ],
            [
              80.43770981678622,
              16.329110242113096
            ],
            [
              80.43770981678622,
              16.329004726606726
            ],
            [
              80.4373603857608,
              16.329004726606726
            ]
          ]
        ]
      }
    },
    {
      "type": "Feature",
      "properties": {
        "id": 72,
        "building": "yes",
        "source": "synthetic_osm_like",
        "note": "Replace with real OSM data via Overpass API for production"
      },
      "geometry": {
        "type": "Polygon",
        "coordinates": [
          [
            [
              80.46732898974409,
              16.288903845942908
            ],
            [
              80.46732898974409,
              16.28895293567434
            ],
            [
              80.46742581446253,
              16.28895293567434
            ],
            [
              80.46742581446253,
              16.288903845942908
            ],
            [
              80.46732898974409,
              16.288903845942908
            ]
          ]
        ]
      }
    },
    {
      "type": "Feature",
      "properties": {
        "id": 73,
        "building": "yes",
        "source": "synthetic_osm_like",
        "note": "Replace with real OSM data via Overpass API for production"
      },
      "geometry": {
        "type": "Polygon",
        "coordinates": [
          [
            [
              80.42188632452326,
              16.316363229858467
            ],
            [
              80.42188632452326,
              16.316491276206804
            ],
            [
              80.42202849946406,
              16.316491276206804
            ],
            [
              80.42202849946406,
              16.316363229858467
            ],
            [
              80.42188632452326,
              16.316363229858467
            ]
          ]
        ]
      }
    },
    {
      "type": "Feature",
      "properties": {
        "id": 74,
        "building": "yes",
        "source": "synthetic_osm_like",
        "note": "Replace with real OSM data via Overpass API for production"
      },
      "geometry": {
        "type": "Polygon",
        "coordinates": [
          [
            [
              80.41769243300305,
              16.3087941779235
            ],
            [
              80.41769243300305,
              16.30886462642616
            ],
            [
              80.41796871785635,
              16.30886462642616
            ],
            [
              80.41796871785635,
              16.3087941779235
            ],
            [
              80.41769243300305,
              16.3087941779235
            ]
          ]
        ]
      }
    },
    {
      "type": "Feature",
      "properties": {
        "id": 75,
        "building": "yes",
        "source": "synthetic_osm_like",
        "note": "Replace with real OSM data via Overpass API for production"
      },
      "geometry": {
        "type": "Polygon",
        "coordinates": [
          [
            [
              80.45028112072518,
              16.306837793165943
            ],
            [
              80.45028112072518,
              16.307007406543338
            ],
            [
              80.4504390791551,
              16.307007406543338
            ],
            [
              80.4504390791551,
              16.306837793165943
            ],
            [
              80.45028112072518,
              16.306837793165943
            ]
          ]
        ]
      }
    },
    {
      "type": "Feature",
      "properties": {
        "id": 76,
        "building": "yes",
        "source": "synthetic_osm_like",
        "note": "Replace with real OSM data via Overpass API for production"
      },
      "geometry": {
        "type": "Polygon",
        "coordinates": [
          [
            [
              80.4464141101048,
              16.283462304898507
            ],
            [
              80.4464141101048,
              16.28353507621413
            ],
            [
              80.4465791657828,
              16.28353507621413
            ],
            [
              80.4465791657828,
              16.283462304898507
            ],
            [
              80.4464141101048,
              16.283462304898507
            ]
          ]
        ]
      }
    },
    {
      "type": "Feature",
      "properties": {
        "id": 77,
        "building": "yes",
        "source": "synthetic_osm_like",
        "note": "Replace with real OSM data via Overpass API for production"
      },
      "geometry": {
        "type": "Polygon",
        "coordinates": [
          [
            [
              80.42097277300985,
              16.31594838398949
            ],
            [
              80.42097277300985,
              16.316027042311905
            ],
            [
              80.42107234453974,
              16.316027042311905
            ],
            [
              80.42107234453974,
              16.31594838398949
            ],
            [
              80.42097277300985,
              16.31594838398949
            ]
          ]
        ]
      }
    },
    {
      "type": "Feature",
      "properties": {
        "id": 78,
        "building": "yes",
        "source": "synthetic_osm_like",
        "note": "Replace with real OSM data via Overpass API for production"
      },
      "geometry": {
        "type": "Polygon",
        "coordinates": [
          [
            [
              80.40882993559167,
              16.294709611757977
            ],
            [
              80.40882993559167,
              16.294855908494622
            ],
            [
              80.40899035627662,
              16.294855908494622
            ],
            [
              80.40899035627662,
              16.294709611757977
            ],
            [
              80.40882993559167,
              16.294709611757977
            ]
          ]
        ]
      }
    },
    {
      "type": "Feature",
      "properties": {
        "id": 79,
        "building": "yes",
        "source": "synthetic_osm_like",
        "note": "Replace with real OSM data via Overpass API for production"
      },
      "geometry": {
        "type": "Polygon",
        "coordinates": [
          [
            [
              80.44306375245286,
              16.325095494971418
            ],
            [
              80.44306375245286,
              16.32518505960184
            ],
            [
              80.44310833578034,
              16.32518505960184
            ],
            [
              80.44310833578034,
              16.325095494971418
            ],
            [
              80.44306375245286,
              16.325095494971418
            ]
          ]
        ]
      }
    },
    {
      "type": "Feature",
      "properties": {
        "id": 80,
        "building": "yes",
        "source": "synthetic_osm_like",
        "note": "Replace with real OSM data via Overpass API for production"
      },
      "geometry": {
        "type": "Polygon",
        "coordinates": [
          [
            [
              80.4300154019093,
              16.29427463300727
            ],
            [
              80.4300154019093,
              16.294416738679622
            ],
            [
              80.43016893908928,
              16.294416738679622
            ],
            [
              80.43016893908928,
              16.29427463300727
            ],
            [
              80.4300154019093,
              16.29427463300727
            ]
          ]
        ]
      }
    },
    {
      "type": "Feature",
      "properties": {
        "id": 81,
        "building": "yes",
        "source": "synthetic_osm_like",
        "note": "Replace with real OSM data via Overpass API for production"
      },
      "geometry": {
        "type": "Polygon",
        "coordinates": [
          [
            [
              80.41486319170919,
              16.302031852724447
            ],
            [
              80.41486319170919,
              16.302184127206033
            ],
            [
              80.4150550044293,
              16.302184127206033
            ],
            [
              80.4150550044293,
              16.302031852724447
            ],
            [
              80.41486319170919,
              16.302031852724447
            ]
          ]
        ]
      }
    },
    {
      "type": "Feature",
      "properties": {
        "id": 82,
        "building": "yes",
        "source": "synthetic_osm_like",
        "note": "Replace with real OSM data via Overpass API for production"
      },
      "geometry": {
        "type": "Polygon",
        "coordinates": [
          [
            [
              80.40587594499014,
              16.288419782018412
            ],
            [
              80.40587594499014,
              16.288549357601394
            ],
            [
              80.40599543015138,
              16.288549357601394
            ],
            [
              80.40599543015138,
              16.288419782018412
            ],
            [
              80.40587594499014,
              16.288419782018412
            ]
          ]
        ]
      }
    },
    {
      "type": "Feature",
      "properties": {
        "id": 83,
        "building": "yes",
        "source": "synthetic_osm_like",
        "note": "Replace with real OSM data via Overpass API for production"
      },
      "geometry": {
        "type": "Polygon",
        "coordinates": [
          [
            [
              80.45252325575589,
              16.3208720525393
            ],
            [
              80.45252325575589,
              16.320970293914364
            ],
            [
              80.45263608349981,
              16.320970293914364
            ],
            [
              80.45263608349981,
              16.3208720525393
            ],
            [
              80.45252325575589,
              16.3208720525393
            ]
          ]
        ]
      }
    },
    {
      "type": "Feature",
      "properties": {
        "id": 84,
        "building": "yes",
        "source": "synthetic_osm_like",
        "note": "Replace with real OSM data via Overpass API for production"
      },
      "geometry": {
        "type": "Polygon",
        "coordinates": [
          [
            [
              80.41710440667141,
              16.28114775011765
            ],
            [
              80.41710440667141,
              16.281294788655035
            ],
            [
              80.41717354949957,
              16.281294788655035
            ],
            [
              80.41717354949957,
              16.28114775011765
            ],
            [
              80.41710440667141,
              16.28114775011765
            ]
          ]
        ]
      }
    },
    {
      "type": "Feature",
      "properties": {
        "id": 85,
        "building": "yes",
        "source": "synthetic_osm_like",
        "note": "Replace with real OSM data via Overpass API for production"
      },
      "geometry": {
        "type": "Polygon",
        "coordinates": [
          [
            [
              80.44403758068246,
              16.300679511147347
            ],
            [
              80.44403758068246,
              16.300764589952426
            ],
            [
              80.44412957262081,
              16.300764589952426
            ],
            [
              80.44412957262081,
              16.300679511147347
            ],
            [
              80.44403758068246,
              16.300679511147347
            ]
          ]
        ]
      }
    },
    {
      "type": "Feature",
      "properties": {
        "id": 86,
        "building": "yes",
        "source": "synthetic_osm_like",
        "note": "Replace with real OSM data via Overpass API for production"
      },
      "geometry": {
        "type": "Polygon",
        "coordinates": [
          [
            [
              80.44588469241202,
              16.292170660768264
            ],
            [
              80.44588469241202,
              16.29222778318958
            ],
            [
              80.44596342914363,
              16.29222778318958
            ],
            [
              80.44596342914363,
              16.292170660768264
            ],
            [
              80.44588469241202,
              16.292170660768264
            ]
          ]
        ]
      }
    },
    {
      "type": "Feature",
      "properties": {
        "id": 87,
        "building": "yes",
        "source": "synthetic_osm_like",
        "note": "Replace with real OSM data via Overpass API for production"
      },
      "geometry": {
        "type": "Polygon",
        "coordinates": [
          [
            [
              80.42971459340818,
              16.285279345144613
            ],
            [
              80.42971459340818,
              16.285379384511746
            ],
            [
              80.4298058737438,
              16.285379384511746
            ],
            [
              80.4298058737438,
              16.285279345144613
            ],
            [
              80.42971459340818,
              16.285279345144613
            ]
          ]
        ]
      }
    },
    {
      "type": "Feature",
      "properties": {
        "id": 88,
        "building": "yes",
        "source": "synthetic_osm_like",
        "note": "Replace with real OSM data via Overpass API for production"
      },
      "geometry": {
        "type": "Polygon",
        "coordinates": [
          [
            [
              80.41730270590747,
              16.28243477243212
            ],
            [
              80.41730270590747,
              16.282587066081945
            ],
            [
              80.41758505324492,
              16.282587066081945
            ],
            [
              80.41758505324492,
              16.28243477243212
            ],
            [
              80.41730270590747,
              16.28243477243212
            ]
          ]
        ]
      }
    },
    {
      "type": "Feature",
      "properties": {
        "id": 89,
        "building": "yes",
        "source": "synthetic_osm_like",
        "note": "Replace with real OSM data via Overpass API for production"
      },
      "geometry": {
        "type": "Polygon",
        "coordinates": [
          [
            [
              80.46903268957102,
              16.313288149835646
            ],
            [
              80.46903268957102,
              16.313469623422986
            ],
            [
              80.46927225385828,
              16.313469623422986
            ],
            [
              80.46927225385828,
              16.313288149835646
            ],
            [
              80.46903268957102,
              16.313288149835646
            ]
          ]
        ]
      }
    },
    {
      "type": "Feature",
      "properties": {
        "id": 90,
        "building": "yes",
        "source": "synthetic_osm_like",
        "note": "Replace with real OSM data via Overpass API for production"
      },
      "geometry": {
        "type": "Polygon",
        "coordinates": [
          [
            [
              80.45027140969735,
              16.3105574837279
            ],
            [
              80.45027140969735,
              16.31070774854827
            ],
            [
              80.4504269448813,
              16.31070774854827
            ],
            [
              80.4504269448813,
              16.3105574837279
            ],
            [
              80.45027140969735,
              16.3105574837279
            ]
          ]
        ]
      }
    },
    {
      "type": "Feature",
      "properties": {
        "id": 91,
        "building": "yes",
        "source": "synthetic_osm_like",
        "note": "Replace with real OSM data via Overpass API for production"
      },
      "geometry": {
        "type": "Polygon",
        "coordinates": [
          [
            [
              80.45200648131423,
              16.324819076154956
            ],
            [
              80.45200648131423,
              16.324901734168368
            ],
            [
              80.45210528058813,
              16.324901734168368
            ],
            [
              80.45210528058813,
              16.324819076154956
            ],
            [
              80.45200648131423,
              16.324819076154956
            ]
          ]
        ]
      }
    },
    {
      "type": "Feature",
      "properties": {
        "id": 92,
        "building": "yes",
        "source": "synthetic_osm_like",
        "note": "Replace with real OSM data via Overpass API for production"
      },
      "geometry": {
        "type": "Polygon",
        "coordinates": [
          [
            [
              80.45355224920031,
              16.311818194240782
            ],
            [
              80.45355224920031,
              16.31194794943683
            ],
            [
              80.45366166660129,
              16.31194794943683
            ],
            [
              80.45366166660129,
              16.311818194240782
            ],
            [
              80.45355224920031,
              16.311818194240782
            ]
          ]
        ]
      }
    },
    {
      "type": "Feature",
      "properties": {
        "id": 93,
        "building": "yes",
        "source": "synthetic_osm_like",
        "note": "Replace with real OSM data via Overpass API for production"
      },
      "geometry": {
        "type": "Polygon",
        "coordinates": [
          [
            [
              80.41994532809893,
              16.28384075294324
            ],
            [
              80.41994532809893,
              16.283907582443234
            ],
            [
              80.42005661302191,
              16.283907582443234
            ],
            [
              80.42005661302191,
              16.28384075294324
            ],
            [
              80.41994532809893,
              16.28384075294324
            ]
          ]
        ]
      }
    },
    {
      "type": "Feature",
      "properties": {
        "id": 94,
        "building": "yes",
        "source": "synthetic_osm_like",
        "note": "Replace with real OSM data via Overpass API for production"
      },
      "geometry": {
        "type": "Polygon",
        "coordinates": [
          [
            [
              80.4161453041773,
              16.286835205003754
            ],
            [
              80.4161453041773,
              16.287002201147864
            ],
            [
              80.41623130298466,
              16.287002201147864
            ],
            [
              80.41623130298466,
              16.286835205003754
            ],
            [
              80.4161453041773,
              16.286835205003754
            ]
          ]
        ]
      }
    },
    {
      "type": "Feature",
      "properties": {
        "id": 95,
        "building": "yes",
        "source": "synthetic_osm_like",
        "note": "Replace with real OSM data via Overpass API for production"
      },
      "geometry": {
        "type": "Polygon",
        "coordinates": [
          [
            [
              80.437923349097,
              16.300344294638325
            ],
            [
              80.437923349097,
              16.300415642328336
            ],
            [
              80.43804221057356,
              16.300415642328336
            ],
            [
              80.43804221057356,
              16.300344294638325
            ],
            [
              80.437923349097,
              16.300344294638325
            ]
          ]
        ]
      }
    },
    {
      "type": "Feature",
      "properties": {
        "id": 96,
        "building": "yes",
        "source": "synthetic_osm_like",
        "note": "Replace with real OSM data via Overpass API for production"
      },
      "geometry": {
        "type": "Polygon",
        "coordinates": [
          [
            [
              80.44076649618864,
              16.325147878665096
            ],
            [
              80.44076649618864,
              16.325335969168922
            ],
            [
              80.44100462179995,
              16.325335969168922
            ],
            [
              80.44100462179995,
              16.325147878665096
            ],
            [
              80.44076649618864,
              16.325147878665096
            ]
          ]
        ]
      }
    },
    {
      "type": "Feature",
      "properties": {
        "id": 97,
        "building": "yes",
        "source": "synthetic_osm_like",
        "note": "Replace with real OSM data via Overpass API for production"
      },
      "geometry": {
        "type": "Polygon",
        "coordinates": [
          [
            [
              80.40032711798287,
              16.298961194865075
            ],
            [
              80.40032711798287,
              16.299076908027697
            ],
            [
              80.4004983337189,
              16.299076908027697
            ],
            [
              80.4004983337189,
              16.298961194865075
            ],
            [
              80.40032711798287,
              16.298961194865075
            ]
          ]
        ]
      }
    },
    {
      "type": "Feature",
      "properties": {
        "id": 98,
        "building": "yes",
        "source": "synthetic_osm_like",
        "note": "Replace with real OSM data via Overpass API for production"
      },
      "geometry": {
        "type": "Polygon",
        "coordinates": [
          [
            [
              80.42922488658802,
              16.327595337144718
            ],
            [
              80.42922488658802,
              16.327747696702293
            ],
            [
              80.42943809298016,
              16.327747696702293
            ],
            [
              80.42943809298016,
              16.327595337144718
            ],
            [
              80.42922488658802,
              16.327595337144718
            ]
          ]
        ]
      }
    },
    {
      "type": "Feature",
      "properties": {
        "id": 99,
        "building": "yes",
        "source": "synthetic_osm_like",
        "note": "Replace with real OSM data via Overpass API for production"
      },
      "geometry": {
        "type": "Polygon",
        "coordinates": [
          [
            [
              80.4153052987636,
              16.29099951985439
            ],
            [
              80.4153052987636,
              16.291054349577994
            ],
            [
              80.4154137300834,
              16.291054349577994
            ],
            [
              80.4154137300834,
              16.29099951985439
            ],
            [
              80.4153052987636,
              16.29099951985439
            ]
          ]
        ]
      }
    },
    {
      "type": "Feature",
      "properties": {
        "id": 100,
        "building": "yes",
        "source": "synthetic_osm_like",
        "note": "Replace with real OSM data via Overpass API for production"
      },
      "geometry": {
        "type": "Polygon",
        "coordinates": [
          [
            [
              80.42827797603245,
              16.313924611811366
            ],
            [
              80.42827797603245,
              16.31398957669147
            ],
            [
              80.42832635764684,
              16.31398957669147
            ],
            [
              80.42832635764684,
              16.313924611811366
            ],
            [
              80.42827797603245,
              16.313924611811366
            ]
          ]
        ]
      }
    },
    {
      "type": "Feature",
      "properties": {
        "id": 101,
        "building": "yes",
        "source": "synthetic_osm_like",
        "note": "Replace with real OSM data via Overpass API for production"
      },
      "geometry": {
        "type": "Polygon",
        "coordinates": [
          [
            [
              80.40186004624726,
              16.31106068832922
            ],
            [
              80.40186004624726,
              16.31116500776818
            ],
            [
              80.40191525701945,
              16.31116500776818
            ],
            [
              80.40191525701945,
              16.31106068832922
            ],
            [
              80.40186004624726,
              16.31106068832922
            ]
          ]
        ]
      }
    },
    {
      "type": "Feature",
      "properties": {
        "id": 102,
        "building": "yes",
        "source": "synthetic_osm_like",
        "note": "Replace with real OSM data via Overpass API for production"
      },
      "geometry": {
        "type": "Polygon",
        "coordinates": [
          [
            [
              80.40943932183505,
              16.312108006984758
            ],
            [
              80.40943932183505,
              16.312166957816174
            ],
            [
              80.40955860637725,
              16.312166957816174
            ],
            [
              80.40955860637725,
              16.312108006984758
            ],
            [
              80.40943932183505,
              16.312108006984758
            ]
          ]
        ]
      }
    },
    {
      "type": "Feature",
      "properties": {
        "id": 103,
        "building": "yes",
        "source": "synthetic_osm_like",
        "note": "Replace with real OSM data via Overpass API for production"
      },
      "geometry": {
        "type": "Polygon",
        "coordinates": [
          [
            [
              80.42275412769597,
              16.290518183605286
            ],
            [
              80.42275412769597,
              16.290647844815865
            ],
            [
              80.42300428498741,
              16.290647844815865
            ],
            [
              80.42300428498741,
              16.290518183605286
            ],
            [
              80.42275412769597,
              16.290518183605286
            ]
          ]
        ]
      }
    },
    {
      "type": "Feature",
      "properties": {
        "id": 104,
        "building": "yes",
        "source": "synthetic_osm_like",
        "note": "Replace with real OSM data via Overpass API for production"
      },
      "geometry": {
        "type": "Polygon",
        "coordinates": [
          [
            [
              80.41762084498487,
              16.321581683951614
            ],
            [
              80.41762084498487,
              16.321610744563912
            ],
            [
              80.41769716946467,
              16.321610744563912
            ],
            [
              80.41769716946467,
              16.321581683951614
            ],
            [
              80.41762084498487,
              16.321581683951614
            ]
          ]
        ]
      }
    },
    {
      "type": "Feature",
      "properties": {
        "id": 105,
        "building": "yes",
        "source": "synthetic_osm_like",
        "note": "Replace with real OSM data via Overpass API for production"
      },
      "geometry": {
        "type": "Polygon",
        "coordinates": [
          [
            [
              80.42439520010565,
              16.329910496722185
            ],
            [
              80.42439520010565,
              16.330080286128734
            ],
            [
              80.42459924801518,
              16.330080286128734
            ],
            [
              80.42459924801518,
              16.329910496722185
            ],
            [
              80.42439520010565,
              16.329910496722185
            ]
          ]
        ]
      }
    },
    {
      "type": "Feature",
      "properties": {
        "id": 106,
        "building": "yes",
        "source": "synthetic_osm_like",
        "note": "Replace with real OSM data via Overpass API for production"
      },
      "geometry": {
        "type": "Polygon",
        "coordinates": [
          [
            [
              80.466445575751,
              16.31769298408989
            ],
            [
              80.466445575751,
              16.317730336316057
            ],
            [
              80.46650006682925,
              16.317730336316057
            ],
            [
              80.46650006682925,
              16.31769298408989
            ],
            [
              80.466445575751,
              16.31769298408989
            ]
          ]
        ]
      }
    },
    {
      "type": "Feature",
      "properties": {
        "id": 107,
        "building": "yes",
        "source": "synthetic_osm_like",
        "note": "Replace with real OSM data via Overpass API for production"
      },
      "geometry": {
        "type": "Polygon",
        "coordinates": [
          [
            [
              80.44676454819182,
              16.2862676447052
            ],
            [
              80.44676454819182,
              16.286354452782223
            ],
            [
              80.44695969005497,
              16.286354452782223
            ],
            [
              80.44695969005497,
              16.2862676447052
            ],
            [
              80.44676454819182,
              16.2862676447052
            ]
          ]
        ]
      }
    },
    {
      "type": "Feature",
      "properties": {
        "id": 108,
        "building": "yes",
        "source": "synthetic_osm_like",
        "note": "Replace with real OSM data via Overpass API for production"
      },
      "geometry": {
        "type": "Polygon",
        "coordinates": [
          [
            [
              80.41170088108298,
              16.31826582378176
            ],
            [
              80.41170088108298,
              16.318423986053862
            ],
            [
              80.41178959898853,
              16.318423986053862
            ],
            [
              80.41178959898853,
              16.31826582378176
            ],
            [
              80.41170088108298,
              16.31826582378176
            ]
          ]
        ]
      }
    },
    {
      "type": "Feature",
      "properties": {
        "id": 109,
        "building": "yes",
        "source": "synthetic_osm_like",
        "note": "Replace with real OSM data via Overpass API for production"
      },
      "geometry": {
        "type": "Polygon",
        "coordinates": [
          [
            [
              80.46750045821196,
              16.320949424643352
            ],
            [
              80.46750045821196,
              16.320980692787757
            ],
            [
              80.46756045001283,
              16.320980692787757
            ],
            [
              80.46756045001283,
              16.320949424643352
            ],
            [
              80.46750045821196,
              16.320949424643352
            ]
          ]
        ]
      }
    },
    {
      "type": "Feature",
      "properties": {
        "id": 110,
        "building": "yes",
        "source": "synthetic_osm_like",
        "note": "Replace with real OSM data via Overpass API for production"
      },
      "geometry": {
        "type": "Polygon",
        "coordinates": [
          [
            [
              80.4670406345321,
              16.313807607837784
            ],
            [
              80.4670406345321,
              16.313927120847257
            ],
            [
              80.46710356281672,
              16.313927120847257
            ],
            [
              80.46710356281672,
              16.313807607837784
            ],
            [
              80.4670406345321,
              16.313807607837784
            ]
          ]
        ]
      }
    },
    {
      "type": "Feature",
      "properties": {
        "id": 111,
        "building": "yes",
        "source": "synthetic_osm_like",
        "note": "Replace with real OSM data via Overpass API for production"
      },
      "geometry": {
        "type": "Polygon",
        "coordinates": [
          [
            [
              80.4438527218362,
              16.314493407571824
            ],
            [
              80.4438527218362,
              16.31456803402147
            ],
            [
              80.44396121354795,
              16.31456803402147
            ],
            [
              80.44396121354795,
              16.314493407571824
            ],
            [
              80.4438527218362,
              16.314493407571824
            ]
          ]
        ]
      }
    },
    {
      "type": "Feature",
      "properties": {
        "id": 112,
        "building": "yes",
        "source": "synthetic_osm_like",
        "note": "Replace with real OSM data via Overpass API for production"
      },
      "geometry": {
        "type": "Polygon",
        "coordinates": [
          [
            [
              80.40837946703539,
              16.30990675627156
            ],
            [
              80.40837946703539,
              16.31013440521012
            ],
            [
              80.40856824207404,
              16.31013440521012
            ],
            [
              80.40856824207404,
              16.30990675627156
            ],
            [
              80.40837946703539,
              16.30990675627156
            ]
          ]
        ]
      }
    },
    {
      "type": "Feature",
      "properties": {
        "id": 113,
        "building": "yes",
        "source": "synthetic_osm_like",
        "note": "Replace with real OSM data via Overpass API for production"
      },
      "geometry": {
        "type": "Polygon",
        "coordinates": [
          [
            [
              80.42583542558674,
              16.301371332364408
            ],
            [
              80.42583542558674,
              16.301466468959067
            ],
            [
              80.42604449708381,
              16.301466468959067
            ],
            [
              80.42604449708381,
              16.301371332364408
            ],
            [
              80.42583542558674,
              16.301371332364408
            ]
          ]
        ]
      }
    },
    {
      "type": "Feature",
      "properties": {
        "id": 114,
        "building": "yes",
        "source": "synthetic_osm_like",
        "note": "Replace with real OSM data via Overpass API for production"
      },
      "geometry": {
        "type": "Polygon",
        "coordinates": [
          [
            [
              80.40722936324286,
              16.32101753509646
            ],
            [
              80.40722936324286,
              16.321215556712545
            ],
            [
              80.4075460786473,
              16.321215556712545
            ],
            [
              80.4075460786473,
              16.32101753509646
            ],
            [
              80.40722936324286,
              16.32101753509646
            ]
          ]
        ]
      }
    },
    {
      "type": "Feature",
      "properties": {
        "id": 115,
        "building": "yes",
        "source": "synthetic_osm_like",
        "note": "Replace with real OSM data via Overpass API for production"
      },
      "geometry": {
        "type": "Polygon",
        "coordinates": [
          [
            [
              80.43041629484753,
              16.315260070458802
            ],
            [
              80.43041629484753,
              16.315470793911803
            ],
            [
              80.43055190545354,
              16.315470793911803
            ],
            [
              80.43055190545354,
              16.315260070458802
            ],
            [
              80.43041629484753,
              16.315260070458802
            ]
          ]
        ]
      }
    },
    {
      "type": "Feature",
      "properties": {
        "id": 116,
        "building": "yes",
        "source": "synthetic_osm_like",
        "note": "Replace with real OSM data via Overpass API for production"
      },
      "geometry": {
        "type": "Polygon",
        "coordinates": [
          [
            [
              80.43758055269458,
              16.320358473824605
            ],
            [
              80.43758055269458,
              16.320461448056065
            ],
            [
              80.43776365420817,
              16.320461448056065
            ],
            [
              80.43776365420817,
              16.320358473824605
            ],
            [
              80.43758055269458,
              16.320358473824605
            ]
          ]
        ]
      }
    },
    {
      "type": "Feature",
      "properties": {
        "id": 117,
        "building": "yes",
        "source": "synthetic_osm_like",
        "note": "Replace with real OSM data via Overpass API for production"
      },
      "geometry": {
        "type": "Polygon",
        "coordinates": [
          [
            [
              80.45947101177619,
              16.293373766749315
            ],
            [
              80.45947101177619,
              16.293465787055606
            ],
            [
              80.45976883062652,
              16.293465787055606
            ],
            [
              80.45976883062652,
              16.293373766749315
            ],
            [
              80.45947101177619,
              16.293373766749315
            ]
          ]
        ]
      }
    },
    {
      "type": "Feature",
      "properties": {
        "id": 118,
        "building": "yes",
        "source": "synthetic_osm_like",
        "note": "Replace with real OSM data via Overpass API for production"
      },
      "geometry": {
        "type": "Polygon",
        "coordinates": [
          [
            [
              80.432493622259,
              16.29213728769742
            ],
            [
              80.432493622259,
              16.292249056221678
            ],
            [
              80.43256556306547,
              16.292249056221678
            ],
            [
              80.43256556306547,
              16.29213728769742
            ],
            [
              80.432493622259,
              16.29213728769742
            ]
          ]
        ]
      }
    },
    {
      "type": "Feature",
      "properties": {
        "id": 119,
        "building": "yes",
        "source": "synthetic_osm_like",
        "note": "Replace with real OSM data via Overpass API for production"
      },
      "geometry": {
        "type": "Polygon",
        "coordinates": [
          [
            [
              80.41269009522924,
              16.32249994777205
            ],
            [
              80.41269009522924,
              16.32259533585919
            ],
            [
              80.41276748477284,
              16.32259533585919
            ],
            [
              80.41276748477284,
              16.32249994777205
            ],
            [
              80.41269009522924,
              16.32249994777205
            ]
          ]
        ]
      }
    },
    {
      "type": "Feature",
      "properties": {
        "id": 120,
        "building": "yes",
        "source": "synthetic_osm_like",
        "note": "Replace with real OSM data via Overpass API for production"
      },
      "geometry": {
        "type": "Polygon",
        "coordinates": [
          [
            [
              80.44900060434067,
              16.323995046614577
            ],
            [
              80.44900060434067,
              16.324036951361244
            ],
            [
              80.44916512070584,
              16.324036951361244
            ],
            [
              80.44916512070584,
              16.323995046614577
            ],
            [
              80.44900060434067,
              16.323995046614577
            ]
          ]
        ]
      }
    },
    {
      "type": "Feature",
      "properties": {
        "id": 121,
        "building": "yes",
        "source": "synthetic_osm_like",
        "note": "Replace with real OSM data via Overpass API for production"
      },
      "geometry": {
        "type": "Polygon",
        "coordinates": [
          [
            [
              80.45031662074037,
              16.28421097735622
            ],
            [
              80.45031662074037,
              16.284350318839582
            ],
            [
              80.45049383223422,
              16.284350318839582
            ],
            [
              80.45049383223422,
              16.28421097735622
            ],
            [
              80.45031662074037,
              16.28421097735622
            ]
          ]
        ]
      }
    },
    {
      "type": "Feature",
      "properties": {
        "id": 122,
        "building": "yes",
        "source": "synthetic_osm_like",
        "note": "Replace with real OSM data via Overpass API for production"
      },
      "geometry": {
        "type": "Polygon",
        "coordinates": [
          [
            [
              80.43429168184865,
              16.31225014391282
            ],
            [
              80.43429168184865,
              16.312340146061274
            ],
            [
              80.43442330506237,
              16.312340146061274
            ],
            [
              80.43442330506237,
              16.31225014391282
            ],
            [
              80.43429168184865,
              16.31225014391282
            ]
          ]
        ]
      }
    },
    {
      "type": "Feature",
      "properties": {
        "id": 123,
        "building": "yes",
        "source": "synthetic_osm_like",
        "note": "Replace with real OSM data via Overpass API for production"
      },
      "geometry": {
        "type": "Polygon",
        "coordinates": [
          [
            [
              80.42135116162372,
              16.31452936684425
            ],
            [
              80.42135116162372,
              16.31464934868527
            ],
            [
              80.42151768259451,
              16.31464934868527
            ],
            [
              80.42151768259451,
              16.31452936684425
            ],
            [
              80.42135116162372,
              16.31452936684425
            ]
          ]
        ]
      }
    },
    {
      "type": "Feature",
      "properties": {
        "id": 124,
        "building": "yes",
        "source": "synthetic_osm_like",
        "note": "Replace with real OSM data via Overpass API for production"
      },
      "geometry": {
        "type": "Polygon",
        "coordinates": [
          [
            [
              80.45217322683679,
              16.30122136974094
            ],
            [
              80.45217322683679,
              16.301329011529578
            ],
            [
              80.4522577343031,
              16.301329011529578
            ],
            [
              80.4522577343031,
              16.30122136974094
            ],
            [
              80.45217322683679,
              16.30122136974094
            ]
          ]
        ]
      }
    },
    {
      "type": "Feature",
      "properties": {
        "id": 125,
        "building": "yes",
        "source": "synthetic_osm_like",
        "note": "Replace with real OSM data via Overpass API for production"
      },
      "geometry": {
        "type": "Polygon",
        "coordinates": [
          [
            [
              80.4083977819378,
              16.292548231234644
            ],
            [
              80.4083977819378,
              16.292592136385448
            ],
            [
              80.40849404192753,
              16.292592136385448
            ],
            [
              80.40849404192753,
              16.292548231234644
            ],
            [
              80.4083977819378,
              16.292548231234644
            ]
          ]
        ]
      }
    },
    {
      "type": "Feature",
      "properties": {
        "id": 126,
        "building": "yes",
        "source": "synthetic_osm_like",
        "note": "Replace with real OSM data via Overpass API for production"
      },
      "geometry": {
        "type": "Polygon",
        "coordinates": [
          [
            [
              80.41289924992296,
              16.318073029365735
            ],
            [
              80.41289924992296,
              16.31814593158267
            ],
            [
              80.41302172801832,
              16.31814593158267
            ],
            [
              80.41302172801832,
              16.318073029365735
            ],
            [
              80.41289924992296,
              16.318073029365735
            ]
          ]
        ]
      }
    },
    {
      "type": "Feature",
      "properties": {
        "id": 127,
        "building": "yes",
        "source": "synthetic_osm_like",
        "note": "Replace with real OSM data via Overpass API for production"
      },
      "geometry": {
        "type": "Polygon",
        "coordinates": [
          [
            [
              80.43669034689353,
              16.32880541468984
            ],
            [
              80.43669034689353,
              16.328855287598465
            ],
            [
              80.43675881478168,
              16.328855287598465
            ],
            [
              80.43675881478168,
              16.32880541468984
            ],
            [
              80.43669034689353,
              16.32880541468984
            ]
          ]
        ]
      }
    },
    {
      "type": "Feature",
      "properties": {
        "id": 128,
        "building": "yes",
        "source": "synthetic_osm_like",
        "note": "Replace with real OSM data via Overpass API for production"
      },
      "geometry": {
        "type": "Polygon",
        "coordinates": [
          [
            [
              80.41253867707354,
              16.291349948035375
            ],
            [
              80.41253867707354,
              16.291398368312883
            ],
            [
              80.41258313904243,
              16.291398368312883
            ],
            [
              80.41258313904243,
              16.291349948035375
            ],
            [
              80.41253867707354,
              16.291349948035375
            ]
          ]
        ]
      }
    },
    {
      "type": "Feature",
      "properties": {
        "id": 129,
        "building": "yes",
        "source": "synthetic_osm_like",
        "note": "Replace with real OSM data via Overpass API for production"
      },
      "geometry": {
        "type": "Polygon",
        "coordinates": [
          [
            [
              80.43860467777215,
              16.328671254502346
            ],
            [
              80.43860467777215,
              16.328758238607925
            ],
            [
              80.43886557757965,
              16.328758238607925
            ],
            [
              80.43886557757965,
              16.328671254502346
            ],
            [
              80.43860467777215,
              16.328671254502346
            ]
          ]
        ]
      }
    },
    {
      "type": "Feature",
      "properties": {
        "id": 130,
        "building": "yes",
        "source": "synthetic_osm_like",
        "note": "Replace with real OSM data via Overpass API for production"
      },
      "geometry": {
        "type": "Polygon",
        "coordinates": [
          [
            [
              80.46101644922375,
              16.304484671223516
            ],
            [
              80.46101644922375,
              16.304603198228865
            ],
            [
              80.46116431367604,
              16.304603198228865
            ],
            [
              80.46116431367604,
              16.304484671223516
            ],
            [
              80.46101644922375,
              16.304484671223516
            ]
          ]
        ]
      }
    },
    {
      "type": "Feature",
      "properties": {
        "id": 131,
        "building": "yes",
        "source": "synthetic_osm_like",
        "note": "Replace with real OSM data via Overpass API for production"
      },
      "geometry": {
        "type": "Polygon",
        "coordinates": [
          [
            [
              80.40344133590574,
              16.289134235324568
            ],
            [
              80.40344133590574,
              16.289302131714443
            ],
            [
              80.40375140449999,
              16.289302131714443
            ],
            [
              80.40375140449999,
              16.289134235324568
            ],
            [
              80.40344133590574,
              16.289134235324568
            ]
          ]
        ]
      }
    },
    {
      "type": "Feature",
      "properties": {
        "id": 132,
        "building": "yes",
        "source": "synthetic_osm_like",
        "note": "Replace with real OSM data via Overpass API for production"
      },
      "geometry": {
        "type": "Polygon",
        "coordinates": [
          [
            [
              80.4051368362446,
              16.29999946190689
            ],
            [
              80.4051368362446,
              16.300071282318303
            ],
            [
              80.4052346675912,
              16.300071282318303
            ],
            [
              80.4052346675912,
              16.29999946190689
            ],
            [
              80.4051368362446,
              16.29999946190689
            ]
          ]
        ]
      }
    },
    {
      "type": "Feature",
      "properties": {
        "id": 133,
        "building": "yes",
        "source": "synthetic_osm_like",
        "note": "Replace with real OSM data via Overpass API for production"
      },
      "geometry": {
        "type": "Polygon",
        "coordinates": [
          [
            [
              80.42111506600273,
              16.308086677073746
            ],
            [
              80.42111506600273,
              16.30819728263471
            ],
            [
              80.4214219056552,
              16.30819728263471
            ],
            [
              80.4214219056552,
              16.308086677073746
            ],
            [
              80.42111506600273,
              16.308086677073746
            ]
          ]
        ]
      }
    },
    {
      "type": "Feature",
      "properties": {
        "id": 134,
        "building": "yes",
        "source": "synthetic_osm_like",
        "note": "Replace with real OSM data via Overpass API for production"
      },
      "geometry": {
        "type": "Polygon",
        "coordinates": [
          [
            [
              80.45530571799115,
              16.31027736933589
            ],
            [
              80.45530571799115,
              16.310354395788405
            ],
            [
              80.45539799818694,
              16.310354395788405
            ],
            [
              80.45539799818694,
              16.31027736933589
            ],
            [
              80.45530571799115,
              16.31027736933589
            ]
          ]
        ]
      }
    },
    {
      "type": "Feature",
      "properties": {
        "id": 135,
        "building": "yes",
        "source": "synthetic_osm_like",
        "note": "Replace with real OSM data via Overpass API for production"
      },
      "geometry": {
        "type": "Polygon",
        "coordinates": [
          [
            [
              80.46007868457825,
              16.302064242908934
            ],
            [
              80.46007868457825,
              16.302207857493002
            ],
            [
              80.46034464863742,
              16.302207857493002
            ],
            [
              80.46034464863742,
              16.302064242908934
            ],
            [
              80.46007868457825,
              16.302064242908934
            ]
          ]
        ]
      }
    },
    {
      "type": "Feature",
      "properties": {
        "id": 136,
        "building": "yes",
        "source": "synthetic_osm_like",
        "note": "Replace with real OSM data via Overpass API for production"
      },
      "geometry": {
        "type": "Polygon",
        "coordinates": [
          [
            [
              80.45173282913863,
              16.310420463449205
            ],
            [
              80.45173282913863,
              16.310542627775305
            ],
            [
              80.4518796736292,
              16.310542627775305
            ],
            [
              80.4518796736292,
              16.310420463449205
            ],
            [
              80.45173282913863,
              16.310420463449205
            ]
          ]
        ]
      }
    },
    {
      "type": "Feature",
      "properties": {
        "id": 137,
        "building": "yes",
        "source": "synthetic_osm_like",
        "note": "Replace with real OSM data via Overpass API for production"
      },
      "geometry": {
        "type": "Polygon",
        "coordinates": [
          [
            [
              80.41097605292751,
              16.313001757940604
            ],
            [
              80.41097605292751,
              16.313041055778598
            ],
            [
              80.41101194014581,
              16.313041055778598
            ],
            [
              80.41101194014581,
              16.313001757940604
            ],
            [
              80.41097605292751,
              16.313001757940604
            ]
          ]
        ]
      }
    },
    {
      "type": "Feature",
      "properties": {
        "id": 138,
        "building": "yes",
        "source": "synthetic_osm_like",
        "note": "Replace with real OSM data via Overpass API for production"
      },
      "geometry": {
        "type": "Polygon",
        "coordinates": [
          [
            [
              80.4414983684417,
              16.302494404059967
            ],
            [
              80.4414983684417,
              16.3025559664018
            ],
            [
              80.44163519887505,
              16.3025559664018
            ],
            [
              80.44163519887505,
              16.302494404059967
            ],
            [
              80.4414983684417,
              16.302494404059967
            ]
          ]
        ]
      }
    },
    {
      "type": "Feature",
      "properties": {
        "id": 139,
        "building": "yes",
        "source": "synthetic_osm_like",
        "note": "Replace with real OSM data via Overpass API for production"
      },
      "geometry": {
        "type": "Polygon",
        "coordinates": [
          [
            [
              80.43166168820483,
              16.31505145668696
            ],
            [
              80.43166168820483,
              16.31524729912241
            ],
            [
              80.43190269749218,
              16.31524729912241
            ],
            [
              80.43190269749218,
              16.31505145668696
            ],
            [
              80.43166168820483,
              16.31505145668696
            ]
          ]
        ]
      }
    },
    {
      "type": "Feature",
      "properties": {
        "id": 140,
        "building": "yes",
        "source": "synthetic_osm_like",
        "note": "Replace with real OSM data via Overpass API for production"
      },
      "geometry": {
        "type": "Polygon",
        "coordinates": [
          [
            [
              80.44616569024116,
              16.31117392851615
            ],
            [
              80.44616569024116,
              16.311331872200267
            ],
            [
              80.44639993575832,
              16.311331872200267
            ],
            [
              80.44639993575832,
              16.31117392851615
            ],
            [
              80.44616569024116,
              16.31117392851615
            ]
          ]
        ]
      }
    },
    {
      "type": "Feature",
      "properties": {
        "id": 141,
        "building": "yes",
        "source": "synthetic_osm_like",
        "note": "Replace with real OSM data via Overpass API for production"
      },
      "geometry": {
        "type": "Polygon",
        "coordinates": [
          [
            [
              80.46352782055904,
              16.312337080102818
            ],
            [
              80.46352782055904,
              16.31242639223743
            ],
            [
              80.46364978177074,
              16.31242639223743
            ],
            [
              80.46364978177074,
              16.312337080102818
            ],
            [
              80.46352782055904,
              16.312337080102818
            ]
          ]
        ]
      }
    },
    {
      "type": "Feature",
      "properties": {
        "id": 142,
        "building": "yes",
        "source": "synthetic_osm_like",
        "note": "Replace with real OSM data via Overpass API for production"
      },
      "geometry": {
        "type": "Polygon",
        "coordinates": [
          [
            [
              80.4523835473652,
              16.295332637461772
            ],
            [
              80.4523835473652,
              16.29542854379965
            ],
            [
              80.45247053372455,
              16.29542854379965
            ],
            [
              80.45247053372455,
              16.295332637461772
            ],
            [
              80.4523835473652,
              16.295332637461772
            ]
          ]
        ]
      }
    },
    {
      "type": "Feature",
      "properties": {
        "id": 143,
        "building": "yes",
        "source": "synthetic_osm_like",
        "note": "Replace with real OSM data via Overpass API for production"
      },
      "geometry": {
        "type": "Polygon",
        "coordinates": [
          [
            [
              80.44887022185186,
              16.314347889943516
            ],
            [
              80.44887022185186,
              16.314519909177694
            ],
            [
              80.44909249404473,
              16.314519909177694
            ],
            [
              80.44909249404473,
              16.314347889943516
            ],
            [
              80.44887022185186,
              16.314347889943516
            ]
          ]
        ]
      }
    },
    {
      "type": "Feature",
      "properties": {
        "id": 144,
        "building": "yes",
        "source": "synthetic_osm_like",
        "note": "Replace with real OSM data via Overpass API for production"
      },
      "geometry": {
        "type": "Polygon",
        "coordinates": [
          [
            [
              80.40274322020188,
              16.28397968958857
            ],
            [
              80.40274322020188,
              16.284064495601363
            ],
            [
              80.40283728958384,
              16.284064495601363
            ],
            [
              80.40283728958384,
              16.28397968958857
            ],
            [
              80.40274322020188,
              16.28397968958857
            ]
          ]
        ]
      }
    },
    {
      "type": "Feature",
      "properties": {
        "id": 145,
        "building": "yes",
        "source": "synthetic_osm_like",
        "note": "Replace with real OSM data via Overpass API for production"
      },
      "geometry": {
        "type": "Polygon",
        "coordinates": [
          [
            [
              80.46717569223841,
              16.284481641111547
            ],
            [
              80.46717569223841,
              16.284651047551556
            ],
            [
              80.46749186206858,
              16.284651047551556
            ],
            [
              80.46749186206858,
              16.284481641111547
            ],
            [
              80.46717569223841,
              16.284481641111547
            ]
          ]
        ]
      }
    },
    {
      "type": "Feature",
      "properties": {
        "id": 146,
        "building": "yes",
        "source": "synthetic_osm_like",
        "note": "Replace with real OSM data via Overpass API for production"
      },
      "geometry": {
        "type": "Polygon",
        "coordinates": [
          [
            [
              80.44699053802157,
              16.329956678990417
            ],
            [
              80.44699053802157,
              16.330000562697325
            ],
            [
              80.44712888378089,
              16.330000562697325
            ],
            [
              80.44712888378089,
              16.329956678990417
            ],
            [
              80.44699053802157,
              16.329956678990417
            ]
          ]
        ]
      }
    },
    {
      "type": "Feature",
      "properties": {
        "id": 147,
        "building": "yes",
        "source": "synthetic_osm_like",
        "note": "Replace with real OSM data via Overpass API for production"
      },
      "geometry": {
        "type": "Polygon",
        "coordinates": [
          [
            [
              80.44548480947991,
              16.30346767568162
            ],
            [
              80.44548480947991,
              16.303582406643546
            ],
            [
              80.4457265190408,
              16.303582406643546
            ],
            [
              80.4457265190408,
              16.30346767568162
            ],
            [
              80.44548480947991,
              16.30346767568162
            ]
          ]
        ]
      }
    },
    {
      "type": "Feature",
      "properties": {
        "id": 148,
        "building": "yes",
        "source": "synthetic_osm_like",
        "note": "Replace with real OSM data via Overpass API for production"
      },
      "geometry": {
        "type": "Polygon",
        "coordinates": [
          [
            [
              80.43439100247394,
              16.311714979974724
            ],
            [
              80.43439100247394,
              16.31176349197068
            ],
            [
              80.4344506098328,
              16.31176349197068
            ],
            [
              80.4344506098328,
              16.311714979974724
            ],
            [
              80.43439100247394,
              16.311714979974724
            ]
          ]
        ]
      }
    },
    {
      "type": "Feature",
      "properties": {
        "id": 149,
        "building": "yes",
        "source": "synthetic_osm_like",
        "note": "Replace with real OSM data via Overpass API for production"
      },
      "geometry": {
        "type": "Polygon",
        "coordinates": [
          [
            [
              80.45999791495676,
              16.313453344818353
            ],
            [
              80.45999791495676,
              16.313560006133766
            ],
            [
              80.4600847182593,
              16.313560006133766
            ],
            [
              80.4600847182593,
              16.313453344818353
            ],
            [
              80.45999791495676,
              16.313453344818353
            ]
          ]
        ]
      }
    },
    {
      "type": "Feature",
      "properties": {
        "id": 150,
        "building": "yes",
        "source": "synthetic_osm_like",
        "note": "Replace with real OSM data via Overpass API for production"
      },
      "geometry": {
        "type": "Polygon",
        "coordinates": [
          [
            [
              80.45688935210212,
              16.327202846098892
            ],
            [
              80.45688935210212,
              16.327316507857425
            ],
            [
              80.4570098927612,
              16.327316507857425
            ],
            [
              80.4570098927612,
              16.327202846098892
            ],
            [
              80.45688935210212,
              16.327202846098892
            ]
          ]
        ]
      }
    },
    {
      "type": "Feature",
      "properties": {
        "id": 151,
        "building": "yes",
        "source": "synthetic_osm_like",
        "note": "Replace with real OSM data via Overpass API for production"
      },
      "geometry": {
        "type": "Polygon",
        "coordinates": [
          [
            [
              80.46781031697027,
              16.296113275647194
            ],
            [
              80.46781031697027,
              16.296214102980407
            ],
            [
              80.46801554478292,
              16.296214102980407
            ],
            [
              80.46801554478292,
              16.296113275647194
            ],
            [
              80.46781031697027,
              16.296113275647194
            ]
          ]
        ]
      }
    },
    {
      "type": "Feature",
      "properties": {
        "id": 152,
        "building": "yes",
        "source": "synthetic_osm_like",
        "note": "Replace with real OSM data via Overpass API for production"
      },
      "geometry": {
        "type": "Polygon",
        "coordinates": [
          [
            [
              80.4379269057975,
              16.312848434164565
            ],
            [
              80.4379269057975,
              16.312917604483744
            ],
            [
              80.43803619741252,
              16.312917604483744
            ],
            [
              80.43803619741252,
              16.312848434164565
            ],
            [
              80.4379269057975,
              16.312848434164565
            ]
          ]
        ]
      }
    },
    {
      "type": "Feature",
      "properties": {
        "id": 153,
        "building": "yes",
        "source": "synthetic_osm_like",
        "note": "Replace with real OSM data via Overpass API for production"
      },
      "geometry": {
        "type": "Polygon",
        "coordinates": [
          [
            [
              80.44367700455398,
              16.3177703329847
            ],
            [
              80.44367700455398,
              16.317873982420856
            ],
            [
              80.44388021934633,
              16.317873982420856
            ],
            [
              80.44388021934633,
              16.3177703329847
            ],
            [
              80.44367700455398,
              16.3177703329847
            ]
          ]
        ]
      }
    },
    {
      "type": "Feature",
      "properties": {
        "id": 154,
        "building": "yes",
        "source": "synthetic_osm_like",
        "note": "Replace with real OSM data via Overpass API for production"
      },
      "geometry": {
        "type": "Polygon",
        "coordinates": [
          [
            [
              80.4305262006891,
              16.32634044817459
            ],
            [
              80.4305262006891,
              16.32642682790985
            ],
            [
              80.43081005262103,
              16.32642682790985
            ],
            [
              80.43081005262103,
              16.32634044817459
            ],
            [
              80.4305262006891,
              16.32634044817459
            ]
          ]
        ]
      }
    },
    {
      "type": "Feature",
      "properties": {
        "id": 155,
        "building": "yes",
        "source": "synthetic_osm_like",
        "note": "Replace with real OSM data via Overpass API for production"
      },
      "geometry": {
        "type": "Polygon",
        "coordinates": [
          [
            [
              80.41670497019976,
              16.310408770902065
            ],
            [
              80.41670497019976,
              16.31047839580613
            ],
            [
              80.41679667452613,
              16.31047839580613
            ],
            [
              80.41679667452613,
              16.310408770902065
            ],
            [
              80.41670497019976,
              16.310408770902065
            ]
          ]
        ]
      }
    },
    {
      "type": "Feature",
      "properties": {
        "id": 156,
        "building": "yes",
        "source": "synthetic_osm_like",
        "note": "Replace with real OSM data via Overpass API for production"
      },
      "geometry": {
        "type": "Polygon",
        "coordinates": [
          [
            [
              80.46939884967098,
              16.28457973217552
            ],
            [
              80.46939884967098,
              16.284741187952637
            ],
            [
              80.46951714984435,
              16.284741187952637
            ],
            [
              80.46951714984435,
              16.28457973217552
            ],
            [
              80.46939884967098,
              16.28457973217552
            ]
          ]
        ]
      }
    },
    {
      "type": "Feature",
      "properties": {
        "id": 157,
        "building": "yes",
        "source": "synthetic_osm_like",
        "note": "Replace with real OSM data via Overpass API for production"
      },
      "geometry": {
        "type": "Polygon",
        "coordinates": [
          [
            [
              80.43481920072155,
              16.321535793364614
            ],
            [
              80.43481920072155,
              16.321678524012274
            ],
            [
              80.43495336993747,
              16.321678524012274
            ],
            [
              80.43495336993747,
              16.321535793364614
            ],
            [
              80.43481920072155,
              16.321535793364614
            ]
          ]
        ]
      }
    },
    {
      "type": "Feature",
      "properties": {
        "id": 158,
        "building": "yes",
        "source": "synthetic_osm_like",
        "note": "Replace with real OSM data via Overpass API for production"
      },
      "geometry": {
        "type": "Polygon",
        "coordinates": [
          [
            [
              80.46857355916778,
              16.321695325412907
            ],
            [
              80.46857355916778,
              16.321777069144762
            ],
            [
              80.46866068939669,
              16.321777069144762
            ],
            [
              80.46866068939669,
              16.321695325412907
            ],
            [
              80.46857355916778,
              16.321695325412907
            ]
          ]
        ]
      }
    },
    {
      "type": "Feature",
      "properties": {
        "id": 159,
        "building": "yes",
        "source": "synthetic_osm_like",
        "note": "Replace with real OSM data via Overpass API for production"
      },
      "geometry": {
        "type": "Polygon",
        "coordinates": [
          [
            [
              80.43549901857911,
              16.325981965235012
            ],
            [
              80.43549901857911,
              16.32620484975814
            ],
            [
              80.43565470624391,
              16.32620484975814
            ],
            [
              80.43565470624391,
              16.325981965235012
            ],
            [
              80.43549901857911,
              16.325981965235012
            ]
          ]
        ]
      }
    },
    {
      "type": "Feature",
      "properties": {
        "id": 160,
        "building": "yes",
        "source": "synthetic_osm_like",
        "note": "Replace with real OSM data via Overpass API for production"
      },
      "geometry": {
        "type": "Polygon",
        "coordinates": [
          [
            [
              80.42889194965299,
              16.319414247080964
            ],
            [
              80.42889194965299,
              16.319586371119343
            ],
            [
              80.4291999896442,
              16.319586371119343
            ],
            [
              80.4291999896442,
              16.319414247080964
            ],
            [
              80.42889194965299,
              16.319414247080964
            ]
          ]
        ]
      }
    },
    {
      "type": "Feature",
      "properties": {
        "id": 161,
        "building": "yes",
        "source": "synthetic_osm_like",
        "note": "Replace with real OSM data via Overpass API for production"
      },
      "geometry": {
        "type": "Polygon",
        "coordinates": [
          [
            [
              80.42081916789024,
              16.294049014621876
            ],
            [
              80.42081916789024,
              16.29423488370641
            ],
            [
              80.4209786510778,
              16.29423488370641
            ],
            [
              80.4209786510778,
              16.294049014621876
            ],
            [
              80.42081916789024,
              16.294049014621876
            ]
          ]
        ]
      }
    },
    {
      "type": "Feature",
      "properties": {
        "id": 162,
        "building": "yes",
        "source": "synthetic_osm_like",
        "note": "Replace with real OSM data via Overpass API for production"
      },
      "geometry": {
        "type": "Polygon",
        "coordinates": [
          [
            [
              80.43763801176077,
              16.287381687846175
            ],
            [
              80.43763801176077,
              16.287477853992105
            ],
            [
              80.43776326911778,
              16.287477853992105
            ],
            [
              80.43776326911778,
              16.287381687846175
            ],
            [
              80.43763801176077,
              16.287381687846175
            ]
          ]
        ]
      }
    },
    {
      "type": "Feature",
      "properties": {
        "id": 163,
        "building": "yes",
        "source": "synthetic_osm_like",
        "note": "Replace with real OSM data via Overpass API for production"
      },
      "geometry": {
        "type": "Polygon",
        "coordinates": [
          [
            [
              80.42247466689037,
              16.302725117314978
            ],
            [
              80.42247466689037,
              16.302809344371674
            ],
            [
              80.4225741621417,
              16.302809344371674
            ],
            [
              80.4225741621417,
              16.302725117314978
            ],
            [
              80.42247466689037,
              16.302725117314978
            ]
          ]
        ]
      }
    },
    {
      "type": "Feature",
      "properties": {
        "id": 164,
        "building": "yes",
        "source": "synthetic_osm_like",
        "note": "Replace with real OSM data via Overpass API for production"
      },
      "geometry": {
        "type": "Polygon",
        "coordinates": [
          [
            [
              80.45424689127371,
              16.291646508729286
            ],
            [
              80.45424689127371,
              16.291709735876502
            ],
            [
              80.45432933524019,
              16.291709735876502
            ],
            [
              80.45432933524019,
              16.291646508729286
            ],
            [
              80.45424689127371,
              16.291646508729286
            ]
          ]
        ]
      }
    },
    {
      "type": "Feature",
      "properties": {
        "id": 165,
        "building": "yes",
        "source": "synthetic_osm_like",
        "note": "Replace with real OSM data via Overpass API for production"
      },
      "geometry": {
        "type": "Polygon",
        "coordinates": [
          [
            [
              80.4268875403287,
              16.32048172693426
            ],
            [
              80.4268875403287,
              16.320659163322226
            ],
            [
              80.42716348502005,
              16.320659163322226
            ],
            [
              80.42716348502005,
              16.32048172693426
            ],
            [
              80.4268875403287,
              16.32048172693426
            ]
          ]
        ]
      }
    },
    {
      "type": "Feature",
      "properties": {
        "id": 166,
        "building": "yes",
        "source": "synthetic_osm_like",
        "note": "Replace with real OSM data via Overpass API for production"
      },
      "geometry": {
        "type": "Polygon",
        "coordinates": [
          [
            [
              80.40248552161968,
              16.304705056619017
            ],
            [
              80.40248552161968,
              16.304827808342626
            ],
            [
              80.4026972239687,
              16.304827808342626
            ],
            [
              80.4026972239687,
              16.304705056619017
            ],
            [
              80.40248552161968,
              16.304705056619017
            ]
          ]
        ]
      }
    },
    {
      "type": "Feature",
      "properties": {
        "id": 167,
        "building": "yes",
        "source": "synthetic_osm_like",
        "note": "Replace with real OSM data via Overpass API for production"
      },
      "geometry": {
        "type": "Polygon",
        "coordinates": [
          [
            [
              80.43072590068046,
              16.323654119399876
            ],
            [
              80.43072590068046,
              16.32376491800555
            ],
            [
              80.43091696868744,
              16.32376491800555
            ],
            [
              80.43091696868744,
              16.323654119399876
            ],
            [
              80.43072590068046,
              16.323654119399876
            ]
          ]
        ]
      }
    },
    {
      "type": "Feature",
      "properties": {
        "id": 168,
        "building": "yes",
        "source": "synthetic_osm_like",
        "note": "Replace with real OSM data via Overpass API for production"
      },
      "geometry": {
        "type": "Polygon",
        "coordinates": [
          [
            [
              80.44576780684578,
              16.30046707584329
            ],
            [
              80.44576780684578,
              16.300530786131343
            ],
            [
              80.4459015788541,
              16.300530786131343
            ],
            [
              80.4459015788541,
              16.30046707584329
            ],
            [
              80.44576780684578,
              16.30046707584329
            ]
          ]
        ]
      }
    },
    {
      "type": "Feature",
      "properties": {
        "id": 169,
        "building": "yes",
        "source": "synthetic_osm_like",
        "note": "Replace with real OSM data via Overpass API for production"
      },
      "geometry": {
        "type": "Polygon",
        "coordinates": [
          [
            [
              80.44836658263269,
              16.29683852152133
            ],
            [
              80.44836658263269,
              16.297017601883816
            ],
            [
              80.44861206116947,
              16.297017601883816
            ],
            [
              80.44861206116947,
              16.29683852152133
            ],
            [
              80.44836658263269,
              16.29683852152133
            ]
          ]
        ]
      }
    },
    {
      "type": "Feature",
      "properties": {
        "id": 170,
        "building": "yes",
        "source": "synthetic_osm_like",
        "note": "Replace with real OSM data via Overpass API for production"
      },
      "geometry": {
        "type": "Polygon",
        "coordinates": [
          [
            [
              80.42652586297358,
              16.322913738771298
            ],
            [
              80.42652586297358,
              16.32302047964553
            ],
            [
              80.42667545267959,
              16.32302047964553
            ],
            [
              80.42667545267959,
              16.322913738771298
            ],
            [
              80.42652586297358,
              16.322913738771298
            ]
          ]
        ]
      }
    },
    {
      "type": "Feature",
      "properties": {
        "id": 171,
        "building": "yes",
        "source": "synthetic_osm_like",
        "note": "Replace with real OSM data via Overpass API for production"
      },
      "geometry": {
        "type": "Polygon",
        "coordinates": [
          [
            [
              80.40245987331812,
              16.32358853315382
            ],
            [
              80.40245987331812,
              16.323649768586034
            ],
            [
              80.40256600065916,
              16.323649768586034
            ],
            [
              80.40256600065916,
              16.32358853315382
            ],
            [
              80.40245987331812,
              16.32358853315382
            ]
          ]
        ]
      }
    },
    {
      "type": "Feature",
      "properties": {
        "id": 172,
        "building": "yes",
        "source": "synthetic_osm_like",
        "note": "Replace with real OSM data via Overpass API for production"
      },
      "geometry": {
        "type": "Polygon",
        "coordinates": [
          [
            [
              80.45219550209225,
              16.329840359100114
            ],
            [
              80.45219550209225,
              16.3299022331955
            ],
            [
              80.45235178925105,
              16.3299022331955
            ],
            [
              80.45235178925105,
              16.329840359100114
            ],
            [
              80.45219550209225,
              16.329840359100114
            ]
          ]
        ]
      }
    },
    {
      "type": "Feature",
      "properties": {
        "id": 173,
        "building": "yes",
        "source": "synthetic_osm_like",
        "note": "Replace with real OSM data via Overpass API for production"
      },
      "geometry": {
        "type": "Polygon",
        "coordinates": [
          [
            [
              80.43101646203843,
              16.32353182369793
            ],
            [
              80.43101646203843,
              16.323726099562773
            ],
            [
              80.43109853519422,
              16.323726099562773
            ],
            [
              80.43109853519422,
              16.32353182369793
            ],
            [
              80.43101646203843,
              16.32353182369793
            ]
          ]
        ]
      }
    },
    {
      "type": "Feature",
      "properties": {
        "id": 174,
        "building": "yes",
        "source": "synthetic_osm_like",
        "note": "Replace with real OSM data via Overpass API for production"
      },
      "geometry": {
        "type": "Polygon",
        "coordinates": [
          [
            [
              80.42047127617234,
              16.31977637178369
            ],
            [
              80.42047127617234,
              16.31983797473253
            ],
            [
              80.42060021246279,
              16.31983797473253
            ],
            [
              80.42060021246279,
              16.31977637178369
            ],
            [
              80.42047127617234,
              16.31977637178369
            ]
          ]
        ]
      }
    },
    {
      "type": "Feature",
      "properties": {
        "id": 175,
        "building": "yes",
        "source": "synthetic_osm_like",
        "note": "Replace with real OSM data via Overpass API for production"
      },
      "geometry": {
        "type": "Polygon",
        "coordinates": [
          [
            [
              80.45541254490219,
              16.308276770194936
            ],
            [
              80.45541254490219,
              16.308316035996654
            ],
            [
              80.45554018144115,
              16.308316035996654
            ],
            [
              80.45554018144115,
              16.308276770194936
            ],
            [
              80.45541254490219,
              16.308276770194936
            ]
          ]
        ]
      }
    },
    {
      "type": "Feature",
      "properties": {
        "id": 176,
        "building": "yes",
        "source": "synthetic_osm_like",
        "note": "Replace with real OSM data via Overpass API for production"
      },
      "geometry": {
        "type": "Polygon",
        "coordinates": [
          [
            [
              80.41675383450614,
              16.310931523473872
            ],
            [
              80.41675383450614,
              16.31103951337987
            ],
            [
              80.41696233635376,
              16.31103951337987
            ],
            [
              80.41696233635376,
              16.310931523473872
            ],
            [
              80.41675383450614,
              16.310931523473872
            ]
          ]
        ]
      }
    },
    {
      "type": "Feature",
      "properties": {
        "id": 177,
        "building": "yes",
        "source": "synthetic_osm_like",
        "note": "Replace with real OSM data via Overpass API for production"
      },
      "geometry": {
        "type": "Polygon",
        "coordinates": [
          [
            [
              80.4178283204407,
              16.292668741798277
            ],
            [
              80.4178283204407,
              16.29272899214308
            ],
            [
              80.41791741870158,
              16.29272899214308
            ],
            [
              80.41791741870158,
              16.292668741798277
            ],
            [
              80.4178283204407,
              16.292668741798277
            ]
          ]
        ]
      }
    },
    {
      "type": "Feature",
      "properties": {
        "id": 178,
        "building": "yes",
        "source": "synthetic_osm_like",
        "note": "Replace with real OSM data via Overpass API for production"
      },
      "geometry": {
        "type": "Polygon",
        "coordinates": [
          [
            [
              80.41098313490996,
              16.31383639004076
            ],
            [
              80.41098313490996,
              16.313924698529146
            ],
            [
              80.4111334521801,
              16.313924698529146
            ],
            [
              80.4111334521801,
              16.31383639004076
            ],
            [
              80.41098313490996,
              16.31383639004076
            ]
          ]
        ]
      }
    },
    {
      "type": "Feature",
      "properties": {
        "id": 179,
        "building": "yes",
        "source": "synthetic_osm_like",
        "note": "Replace with real OSM data via Overpass API for production"
      },
      "geometry": {
        "type": "Polygon",
        "coordinates": [
          [
            [
              80.42966890870899,
              16.311894054272376
            ],
            [
              80.42966890870899,
              16.311999815963627
            ],
            [
              80.42973434267553,
              16.311999815963627
            ],
            [
              80.42973434267553,
              16.311894054272376
            ],
            [
              80.42966890870899,
              16.311894054272376
            ]
          ]
        ]
      }
    },
    {
      "type": "Feature",
      "properties": {
        "id": 180,
        "building": "yes",
        "source": "synthetic_osm_like",
        "note": "Replace with real OSM data via Overpass API for production"
      },
      "geometry": {
        "type": "Polygon",
        "coordinates": [
          [
            [
              80.43377000919703,
              16.299193458684076
            ],
            [
              80.43377000919703,
              16.299275866212657
            ],
            [
              80.43387911935126,
              16.299275866212657
            ],
            [
              80.43387911935126,
              16.299193458684076
            ],
            [
              80.43377000919703,
              16.299193458684076
            ]
          ]
        ]
      }
    },
    {
      "type": "Feature",
      "properties": {
        "id": 181,
        "building": "yes",
        "source": "synthetic_osm_like",
        "note": "Replace with real OSM data via Overpass API for production"
      },
      "geometry": {
        "type": "Polygon",
        "coordinates": [
          [
            [
              80.42058222085491,
              16.329532278178537
            ],
            [
              80.42058222085491,
              16.32973692618415
            ],
            [
              80.42075008468875,
              16.32973692618415
            ],
            [
              80.42075008468875,
              16.329532278178537
            ],
            [
              80.42058222085491,
              16.329532278178537
            ]
          ]
        ]
      }
    },
    {
      "type": "Feature",
      "properties": {
        "id": 182,
        "building": "yes",
        "source": "synthetic_osm_like",
        "note": "Replace with real OSM data via Overpass API for production"
      },
      "geometry": {
        "type": "Polygon",
        "coordinates": [
          [
            [
              80.4478992946011,
              16.308256574529768
            ],
            [
              80.4478992946011,
              16.3083363271658
            ],
            [
              80.44811263438167,
              16.3083363271658
            ],
            [
              80.44811263438167,
              16.308256574529768
            ],
            [
              80.4478992946011,
              16.308256574529768
            ]
          ]
        ]
      }
    },
    {
      "type": "Feature",
      "properties": {
        "id": 183,
        "building": "yes",
        "source": "synthetic_osm_like",
        "note": "Replace with real OSM data via Overpass API for production"
      },
      "geometry": {
        "type": "Polygon",
        "coordinates": [
          [
            [
              80.46322952533946,
              16.304782150379264
            ],
            [
              80.46322952533946,
              16.30489057827312
            ],
            [
              80.46335221538565,
              16.30489057827312
            ],
            [
              80.46335221538565,
              16.304782150379264
            ],
            [
              80.46322952533946,
              16.304782150379264
            ]
          ]
        ]
      }
    },
    {
      "type": "Feature",
      "properties": {
        "id": 184,
        "building": "yes",
        "source": "synthetic_osm_like",
        "note": "Replace with real OSM data via Overpass API for production"
      },
      "geometry": {
        "type": "Polygon",
        "coordinates": [
          [
            [
              80.44445732855226,
              16.29754033015135
            ],
            [
              80.44445732855226,
              16.297691765432184
            ],
            [
              80.44466917436856,
              16.297691765432184
            ],
            [
              80.44466917436856,
              16.29754033015135
            ],
            [
              80.44445732855226,
              16.29754033015135
            ]
          ]
        ]
      }
    },
    {
      "type": "Feature",
      "properties": {
        "id": 185,
        "building": "yes",
        "source": "synthetic_osm_like",
        "note": "Replace with real OSM data via Overpass API for production"
      },
      "geometry": {
        "type": "Polygon",
        "coordinates": [
          [
            [
              80.45858440255553,
              16.312868157575227
            ],
            [
              80.45858440255553,
              16.313049996456446
            ],
            [
              80.45878279381922,
              16.313049996456446
            ],
            [
              80.45878279381922,
              16.312868157575227
            ],
            [
              80.45858440255553,
              16.312868157575227
            ]
          ]
        ]
      }
    },
    {
      "type": "Feature",
      "properties": {
        "id": 186,
        "building": "yes",
        "source": "synthetic_osm_like",
        "note": "Replace with real OSM data via Overpass API for production"
      },
      "geometry": {
        "type": "Polygon",
        "coordinates": [
          [
            [
              80.43081691979117,
              16.295370847169046
            ],
            [
              80.43081691979117,
              16.29552244122622
            ],
            [
              80.43089832683162,
              16.29552244122622
            ],
            [
              80.43089832683162,
              16.295370847169046
            ],
            [
              80.43081691979117,
              16.295370847169046
            ]
          ]
        ]
      }
    },
    {
      "type": "Feature",
      "properties": {
        "id": 187,
        "building": "yes",
        "source": "synthetic_osm_like",
        "note": "Replace with real OSM data via Overpass API for production"
      },
      "geometry": {
        "type": "Polygon",
        "coordinates": [
          [
            [
              80.45227689079272,
              16.294733845039865
            ],
            [
              80.45227689079272,
              16.29477720012305
            ],
            [
              80.45237043029866,
              16.29477720012305
            ],
            [
              80.45237043029866,
              16.294733845039865
            ],
            [
              80.45227689079272,
              16.294733845039865
            ]
          ]
        ]
      }
    },
    {
      "type": "Feature",
      "properties": {
        "id": 188,
        "building": "yes",
        "source": "synthetic_osm_like",
        "note": "Replace with real OSM data via Overpass API for production"
      },
      "geometry": {
        "type": "Polygon",
        "coordinates": [
          [
            [
              80.43708215954885,
              16.32846271610595
            ],
            [
              80.43708215954885,
              16.328686242015184
            ],
            [
              80.43723717276956,
              16.328686242015184
            ],
            [
              80.43723717276956,
              16.32846271610595
            ],
            [
              80.43708215954885,
              16.32846271610595
            ]
          ]
        ]
      }
    },
    {
      "type": "Feature",
      "properties": {
        "id": 189,
        "building": "yes",
        "source": "synthetic_osm_like",
        "note": "Replace with real OSM data via Overpass API for production"
      },
      "geometry": {
        "type": "Polygon",
        "coordinates": [
          [
            [
              80.43364868387367,
              16.32113876284527
            ],
            [
              80.43364868387367,
              16.32133021840897
            ],
            [
              80.43381001230865,
              16.32133021840897
            ],
            [
              80.43381001230865,
              16.32113876284527
            ],
            [
              80.43364868387367,
              16.32113876284527
            ]
          ]
        ]
      }
    },
    {
      "type": "Feature",
      "properties": {
        "id": 190,
        "building": "yes",
        "source": "synthetic_osm_like",
        "note": "Replace with real OSM data via Overpass API for production"
      },
      "geometry": {
        "type": "Polygon",
        "coordinates": [
          [
            [
              80.46734295898054,
              16.285711643816942
            ],
            [
              80.46734295898054,
              16.28580532692804
            ],
            [
              80.4674621020211,
              16.28580532692804
            ],
            [
              80.4674621020211,
              16.285711643816942
            ],
            [
              80.46734295898054,
              16.285711643816942
            ]
          ]
        ]
      }
    },
    {
      "type": "Feature",
      "properties": {
        "id": 191,
        "building": "yes",
        "source": "synthetic_osm_like",
        "note": "Replace with real OSM data via Overpass API for production"
      },
      "geometry": {
        "type": "Polygon",
        "coordinates": [
          [
            [
              80.46850021082199,
              16.31609651984456
            ],
            [
              80.46850021082199,
              16.316325151362992
            ],
            [
              80.46869170316748,
              16.316325151362992
            ],
            [
              80.46869170316748,
              16.31609651984456
            ],
            [
              80.46850021082199,
              16.31609651984456
            ]
          ]
        ]
      }
    },
    {
      "type": "Feature",
      "properties": {
        "id": 192,
        "building": "yes",
        "source": "synthetic_osm_like",
        "note": "Replace with real OSM data via Overpass API for production"
      },
      "geometry": {
        "type": "Polygon",
        "coordinates": [
          [
            [
              80.40088213800954,
              16.319478139903214
            ],
            [
              80.40088213800954,
              16.31959005695568
            ],
            [
              80.40106647370459,
              16.31959005695568
            ],
            [
              80.40106647370459,
              16.319478139903214
            ],
            [
              80.40088213800954,
              16.319478139903214
            ]
          ]
        ]
      }
    },
    {
      "type": "Feature",
      "properties": {
        "id": 193,
        "building": "yes",
        "source": "synthetic_osm_like",
        "note": "Replace with real OSM data via Overpass API for production"
      },
      "geometry": {
        "type": "Polygon",
        "coordinates": [
          [
            [
              80.44086545403546,
              16.313504888978137
            ],
            [
              80.44086545403546,
              16.31372919075696
            ],
            [
              80.44097295879585,
              16.31372919075696
            ],
            [
              80.44097295879585,
              16.313504888978137
            ],
            [
              80.44086545403546,
              16.313504888978137
            ]
          ]
        ]
      }
    },
    {
      "type": "Feature",
      "properties": {
        "id": 194,
        "building": "yes",
        "source": "synthetic_osm_like",
        "note": "Replace with real OSM data via Overpass API for production"
      },
      "geometry": {
        "type": "Polygon",
        "coordinates": [
          [
            [
              80.40159166258647,
              16.291604026130177
            ],
            [
              80.40159166258647,
              16.29177816409098
            ],
            [
              80.40191178836406,
              16.29177816409098
            ],
            [
              80.40191178836406,
              16.291604026130177
            ],
            [
              80.40159166258647,
              16.291604026130177
            ]
          ]
        ]
      }
    },
    {
      "type": "Feature",
      "properties": {
        "id": 195,
        "building": "yes",
        "source": "synthetic_osm_like",
        "note": "Replace with real OSM data via Overpass API for production"
      },
      "geometry": {
        "type": "Polygon",
        "coordinates": [
          [
            [
              80.40434776235847,
              16.290958478978663
            ],
            [
              80.40434776235847,
              16.291178241028735
            ],
            [
              80.40450262340397,
              16.291178241028735
            ],
            [
              80.40450262340397,
              16.290958478978663
            ],
            [
              80.40434776235847,
              16.290958478978663
            ]
          ]
        ]
      }
    },
    {
      "type": "Feature",
      "properties": {
        "id": 196,
        "building": "yes",
        "source": "synthetic_osm_like",
        "note": "Replace with real OSM data via Overpass API for production"
      },
      "geometry": {
        "type": "Polygon",
        "coordinates": [
          [
            [
              80.40967310820683,
              16.300345448054365
            ],
            [
              80.40967310820683,
              16.300484137525174
            ],
            [
              80.4098956735442,
              16.300484137525174
            ],
            [
              80.4098956735442,
              16.300345448054365
            ],
            [
              80.40967310820683,
              16.300345448054365
            ]
          ]
        ]
      }
    },
    {
      "type": "Feature",
      "properties": {
        "id": 197,
        "building": "yes",
        "source": "synthetic_osm_like",
        "note": "Replace with real OSM data via Overpass API for production"
      },
      "geometry": {
        "type": "Polygon",
        "coordinates": [
          [
            [
              80.46205858504474,
              16.284829466772717
            ],
            [
              80.46205858504474,
              16.284889733089468
            ],
            [
              80.46215771814924,
              16.284889733089468
            ],
            [
              80.46215771814924,
              16.284829466772717
            ],
            [
              80.46205858504474,
              16.284829466772717
            ]
          ]
        ]
      }
    },
    {
      "type": "Feature",
      "properties": {
        "id": 198,
        "building": "yes",
        "source": "synthetic_osm_like",
        "note": "Replace with real OSM data via Overpass API for production"
      },
      "geometry": {
        "type": "Polygon",
        "coordinates": [
          [
            [
              80.4661795306587,
              16.317094028319424
            ],
            [
              80.4661795306587,
              16.317219983832892
            ],
            [
              80.4662568413504,
              16.317219983832892
            ],
            [
              80.4662568413504,
              16.317094028319424
            ],
            [
              80.4661795306587,
              16.317094028319424
            ]
          ]
        ]
      }
    },
    {
      "type": "Feature",
      "properties": {
        "id": 199,
        "building": "yes",
        "source": "synthetic_osm_like",
        "note": "Replace with real OSM data via Overpass API for production"
      },
      "geometry": {
        "type": "Polygon",
        "coordinates": [
          [
            [
              80.4068202175367,
              16.30069389248436
            ],
            [
              80.4068202175367,
              16.30079456025932
            ],
            [
              80.40704281132278,
              16.30079456025932
            ],
            [
              80.40704281132278,
              16.30069389248436
            ],
            [
              80.4068202175367,
              16.30069389248436
            ]
          ]
        ]
      }
    },
    {
      "type": "Feature",
      "properties": {
        "id": 200,
        "building": "yes",
        "source": "synthetic_osm_like",
        "note": "Replace with real OSM data via Overpass API for production"
      },
      "geometry": {
        "type": "Polygon",
        "coordinates": [
          [
            [
              80.42583988491207,
              16.2815599068227
            ],
            [
              80.42583988491207,
              16.281711721862806
            ],
            [
              80.42603430931077,
              16.281711721862806
            ],
            [
              80.42603430931077,
              16.2815599068227
            ],
            [
              80.42583988491207,
              16.2815599068227
            ]
          ]
        ]
      }
    },
    {
      "type": "Feature",
      "properties": {
        "id": 201,
        "building": "yes",
        "source": "synthetic_osm_like",
        "note": "Replace with real OSM data via Overpass API for production"
      },
      "geometry": {
        "type": "Polygon",
        "coordinates": [
          [
            [
              80.4479336644446,
              16.284880331235982
            ],
            [
              80.4479336644446,
              16.28505513122463
            ],
            [
              80.44806157272276,
              16.28505513122463
            ],
            [
              80.44806157272276,
              16.284880331235982
            ],
            [
              80.4479336644446,
              16.284880331235982
            ]
          ]
        ]
      }
    },
    {
      "type": "Feature",
      "properties": {
        "id": 202,
        "building": "yes",
        "source": "synthetic_osm_like",
        "note": "Replace with real OSM data via Overpass API for production"
      },
      "geometry": {
        "type": "Polygon",
        "coordinates": [
          [
            [
              80.41324880456483,
              16.29986561357687
            ],
            [
              80.41324880456483,
              16.29994835069757
            ],
            [
              80.41332439413773,
              16.29994835069757
            ],
            [
              80.41332439413773,
              16.29986561357687
            ],
            [
              80.41324880456483,
              16.29986561357687
            ]
          ]
        ]
      }
    },
    {
      "type": "Feature",
      "properties": {
        "id": 203,
        "building": "yes",
        "source": "synthetic_osm_like",
        "note": "Replace with real OSM data via Overpass API for production"
      },
      "geometry": {
        "type": "Polygon",
        "coordinates": [
          [
            [
              80.44480956393798,
              16.313105753267017
            ],
            [
              80.44480956393798,
              16.31317112053918
            ],
            [
              80.44502906147468,
              16.31317112053918
            ],
            [
              80.44502906147468,
              16.313105753267017
            ],
            [
              80.44480956393798,
              16.313105753267017
            ]
          ]
        ]
      }
    },
    {
      "type": "Feature",
      "properties": {
        "id": 204,
        "building": "yes",
        "source": "synthetic_osm_like",
        "note": "Replace with real OSM data via Overpass API for production"
      },
      "geometry": {
        "type": "Polygon",
        "coordinates": [
          [
            [
              80.40871082144997,
              16.29214404662652
            ],
            [
              80.40871082144997,
              16.29221284308988
            ],
            [
              80.40891852249317,
              16.29221284308988
            ],
            [
              80.40891852249317,
              16.29214404662652
            ],
            [
              80.40871082144997,
              16.29214404662652
            ]
          ]
        ]
      }
    },
    {
      "type": "Feature",
      "properties": {
        "id": 205,
        "building": "yes",
        "source": "synthetic_osm_like",
        "note": "Replace with real OSM data via Overpass API for production"
      },
      "geometry": {
        "type": "Polygon",
        "coordinates": [
          [
            [
              80.41505568383064,
              16.290290712055853
            ],
            [
              80.41505568383064,
              16.290425024978813
            ],
            [
              80.41517750543798,
              16.290425024978813
            ],
            [
              80.41517750543798,
              16.290290712055853
            ],
            [
              80.41505568383064,
              16.290290712055853
            ]
          ]
        ]
      }
    },
    {
      "type": "Feature",
      "properties": {
        "id": 206,
        "building": "yes",
        "source": "synthetic_osm_like",
        "note": "Replace with real OSM data via Overpass API for production"
      },
      "geometry": {
        "type": "Polygon",
        "coordinates": [
          [
            [
              80.40014034269106,
              16.32497478883881
            ],
            [
              80.40014034269106,
              16.325078314724365
            ],
            [
              80.40025663451615,
              16.325078314724365
            ],
            [
              80.40025663451615,
              16.32497478883881
            ],
            [
              80.40014034269106,
              16.32497478883881
            ]
          ]
        ]
      }
    },
    {
      "type": "Feature",
      "properties": {
        "id": 207,
        "building": "yes",
        "source": "synthetic_osm_like",
        "note": "Replace with real OSM data via Overpass API for production"
      },
      "geometry": {
        "type": "Polygon",
        "coordinates": [
          [
            [
              80.41217834341533,
              16.29249748496422
            ],
            [
              80.41217834341533,
              16.292567934708597
            ],
            [
              80.41225125351086,
              16.292567934708597
            ],
            [
              80.41225125351086,
              16.29249748496422
            ],
            [
              80.41217834341533,
              16.29249748496422
            ]
          ]
        ]
      }
    },
    {
      "type": "Feature",
      "properties": {
        "id": 208,
        "building": "yes",
        "source": "synthetic_osm_like",
        "note": "Replace with real OSM data via Overpass API for production"
      },
      "geometry": {
        "type": "Polygon",
        "coordinates": [
          [
            [
              80.41662852171594,
              16.31946938342651
            ],
            [
              80.41662852171594,
              16.31952908299696
            ],
            [
              80.41668190313673,
              16.31952908299696
            ],
            [
              80.41668190313673,
              16.31946938342651
            ],
            [
              80.41662852171594,
              16.31946938342651
            ]
          ]
        ]
      }
    },
    {
      "type": "Feature",
      "properties": {
        "id": 209,
        "building": "yes",
        "source": "synthetic_osm_like",
        "note": "Replace with real OSM data via Overpass API for production"
      },
      "geometry": {
        "type": "Polygon",
        "coordinates": [
          [
            [
              80.43669971518125,
              16.317014933926707
            ],
            [
              80.43669971518125,
              16.31715687176871
            ],
            [
              80.43695225854245,
              16.31715687176871
            ],
            [
              80.43695225854245,
              16.317014933926707
            ],
            [
              80.43669971518125,
              16.317014933926707
            ]
          ]
        ]
      }
    },
    {
      "type": "Feature",
      "properties": {
        "id": 210,
        "building": "yes",
        "source": "synthetic_osm_like",
        "note": "Replace with real OSM data via Overpass API for production"
      },
      "geometry": {
        "type": "Polygon",
        "coordinates": [
          [
            [
              80.40760057465282,
              16.3055803719953
            ],
            [
              80.40760057465282,
              16.305743423765616
            ],
            [
              80.40766698674774,
              16.305743423765616
            ],
            [
              80.40766698674774,
              16.3055803719953
            ],
            [
              80.40760057465282,
              16.3055803719953
            ]
          ]
        ]
      }
    },
    {
      "type": "Feature",
      "properties": {
        "id": 211,
        "building": "yes",
        "source": "synthetic_osm_like",
        "note": "Replace with real OSM data via Overpass API for production"
      },
      "geometry": {
        "type": "Polygon",
        "coordinates": [
          [
            [
              80.46057188698069,
              16.319106176428715
            ],
            [
              80.46057188698069,
              16.31921652316932
            ],
            [
              80.4608054401057,
              16.31921652316932
            ],
            [
              80.4608054401057,
              16.319106176428715
            ],
            [
              80.46057188698069,
              16.319106176428715
            ]
          ]
        ]
      }
    },
    {
      "type": "Feature",
      "properties": {
        "id": 212,
        "building": "yes",
        "source": "synthetic_osm_like",
        "note": "Replace with real OSM data via Overpass API for production"
      },
      "geometry": {
        "type": "Polygon",
        "coordinates": [
          [
            [
              80.43346500518878,
              16.282982539482795
            ],
            [
              80.43346500518878,
              16.28310000126666
            ],
            [
              80.433592462351,
              16.28310000126666
            ],
            [
              80.433592462351,
              16.282982539482795
            ],
            [
              80.43346500518878,
              16.282982539482795
            ]
          ]
        ]
      }
    },
    {
      "type": "Feature",
      "properties": {
        "id": 213,
        "building": "yes",
        "source": "synthetic_osm_like",
        "note": "Replace with real OSM data via Overpass API for production"
      },
      "geometry": {
        "type": "Polygon",
        "coordinates": [
          [
            [
              80.40512694916164,
              16.325454118956266
            ],
            [
              80.40512694916164,
              16.325515963955255
            ],
            [
              80.40516175104567,
              16.325515963955255
            ],
            [
              80.40516175104567,
              16.325454118956266
            ],
            [
              80.40512694916164,
              16.325454118956266
            ]
          ]
        ]
      }
    },
    {
      "type": "Feature",
      "properties": {
        "id": 214,
        "building": "yes",
        "source": "synthetic_osm_like",
        "note": "Replace with real OSM data via Overpass API for production"
      },
      "geometry": {
        "type": "Polygon",
        "coordinates": [
          [
            [
              80.44419209329534,
              16.293701781996297
            ],
            [
              80.44419209329534,
              16.293799817959496
            ],
            [
              80.44443864810681,
              16.293799817959496
            ],
            [
              80.44443864810681,
              16.293701781996297
            ],
            [
              80.44419209329534,
              16.293701781996297
            ]
          ]
        ]
      }
    },
    {
      "type": "Feature",
      "properties": {
        "id": 215,
        "building": "yes",
        "source": "synthetic_osm_like",
        "note": "Replace with real OSM data via Overpass API for production"
      },
      "geometry": {
        "type": "Polygon",
        "coordinates": [
          [
            [
              80.43165776101655,
              16.306489945389746
            ],
            [
              80.43165776101655,
              16.306565738353388
            ],
            [
              80.43186239744402,
              16.306565738353388
            ],
            [
              80.43186239744402,
              16.306489945389746
            ],
            [
              80.43165776101655,
              16.306489945389746
            ]
          ]
        ]
      }
    },
    {
      "type": "Feature",
      "properties": {
        "id": 216,
        "building": "yes",
        "source": "synthetic_osm_like",
        "note": "Replace with real OSM data via Overpass API for production"
      },
      "geometry": {
        "type": "Polygon",
        "coordinates": [
          [
            [
              80.44550051519813,
              16.32254897074228
            ],
            [
              80.44550051519813,
              16.322730302987278
            ],
            [
              80.44562781788524,
              16.322730302987278
            ],
            [
              80.44562781788524,
              16.32254897074228
            ],
            [
              80.44550051519813,
              16.32254897074228
            ]
          ]
        ]
      }
    },
    {
      "type": "Feature",
      "properties": {
        "id": 217,
        "building": "yes",
        "source": "synthetic_osm_like",
        "note": "Replace with real OSM data via Overpass API for production"
      },
      "geometry": {
        "type": "Polygon",
        "coordinates": [
          [
            [
              80.4159415092398,
              16.30253455922615
            ],
            [
              80.4159415092398,
              16.302620932370377
            ],
            [
              80.41604759117125,
              16.302620932370377
            ],
            [
              80.41604759117125,
              16.30253455922615
            ],
            [
              80.4159415092398,
              16.30253455922615
            ]
          ]
        ]
      }
    },
    {
      "type": "Feature",
      "properties": {
        "id": 218,
        "building": "yes",
        "source": "synthetic_osm_like",
        "note": "Replace with real OSM data via Overpass API for production"
      },
      "geometry": {
        "type": "Polygon",
        "coordinates": [
          [
            [
              80.42982239508757,
              16.28469547920598
            ],
            [
              80.42982239508757,
              16.284813104721586
            ],
            [
              80.42992456578898,
              16.284813104721586
            ],
            [
              80.42992456578898,
              16.28469547920598
            ],
            [
              80.42982239508757,
              16.28469547920598
            ]
          ]
        ]
      }
    },
    {
      "type": "Feature",
      "properties": {
        "id": 219,
        "building": "yes",
        "source": "synthetic_osm_like",
        "note": "Replace with real OSM data via Overpass API for production"
      },
      "geometry": {
        "type": "Polygon",
        "coordinates": [
          [
            [
              80.4046465861768,
              16.32610268498678
            ],
            [
              80.4046465861768,
              16.326195818586655
            ],
            [
              80.40475207696235,
              16.326195818586655
            ],
            [
              80.40475207696235,
              16.32610268498678
            ],
            [
              80.4046465861768,
              16.32610268498678
            ]
          ]
        ]
      }
    },
    {
      "type": "Feature",
      "properties": {
        "id": 220,
        "building": "yes",
        "source": "synthetic_osm_like",
        "note": "Replace with real OSM data via Overpass API for production"
      },
      "geometry": {
        "type": "Polygon",
        "coordinates": [
          [
            [
              80.45674000762367,
              16.31687467467258
            ],
            [
              80.45674000762367,
              16.31700492517629
            ],
            [
              80.45690769231518,
              16.31700492517629
            ],
            [
              80.45690769231518,
              16.31687467467258
            ],
            [
              80.45674000762367,
              16.31687467467258
            ]
          ]
        ]
      }
    },
    {
      "type": "Feature",
      "properties": {
        "id": 221,
        "building": "yes",
        "source": "synthetic_osm_like",
        "note": "Replace with real OSM data via Overpass API for production"
      },
      "geometry": {
        "type": "Polygon",
        "coordinates": [
          [
            [
              80.40847781492877,
              16.296428366106607
            ],
            [
              80.40847781492877,
              16.296536232035013
            ],
            [
              80.40863456502086,
              16.296536232035013
            ],
            [
              80.40863456502086,
              16.296428366106607
            ],
            [
              80.40847781492877,
              16.296428366106607
            ]
          ]
        ]
      }
    },
    {
      "type": "Feature",
      "properties": {
        "id": 222,
        "building": "yes",
        "source": "synthetic_osm_like",
        "note": "Replace with real OSM data via Overpass API for production"
      },
      "geometry": {
        "type": "Polygon",
        "coordinates": [
          [
            [
              80.45038035147711,
              16.32330809924748
            ],
            [
              80.45038035147711,
              16.32350111563942
            ],
            [
              80.45056814354736,
              16.32350111563942
            ],
            [
              80.45056814354736,
              16.32330809924748
            ],
            [
              80.45038035147711,
              16.32330809924748
            ]
          ]
        ]
      }
    },
    {
      "type": "Feature",
      "properties": {
        "id": 223,
        "building": "yes",
        "source": "synthetic_osm_like",
        "note": "Replace with real OSM data via Overpass API for production"
      },
      "geometry": {
        "type": "Polygon",
        "coordinates": [
          [
            [
              80.41484568403862,
              16.3088476156751
            ],
            [
              80.41484568403862,
              16.30894423616389
            ],
            [
              80.41493774875548,
              16.30894423616389
            ],
            [
              80.41493774875548,
              16.3088476156751
            ],
            [
              80.41484568403862,
              16.3088476156751
            ]
          ]
        ]
      }
    },
    {
      "type": "Feature",
      "properties": {
        "id": 224,
        "building": "yes",
        "source": "synthetic_osm_like",
        "note": "Replace with real OSM data via Overpass API for production"
      },
      "geometry": {
        "type": "Polygon",
        "coordinates": [
          [
            [
              80.42559764560829,
              16.322189362536648
            ],
            [
              80.42559764560829,
              16.32234797932348
            ],
            [
              80.42586090147788,
              16.32234797932348
            ],
            [
              80.42586090147788,
              16.322189362536648
            ],
            [
              80.42559764560829,
              16.322189362536648
            ]
          ]
        ]
      }
    },
    {
      "type": "Feature",
      "properties": {
        "id": 225,
        "building": "yes",
        "source": "synthetic_osm_like",
        "note": "Replace with real OSM data via Overpass API for production"
      },
      "geometry": {
        "type": "Polygon",
        "coordinates": [
          [
            [
              80.46809988390385,
              16.322171347086154
            ],
            [
              80.46809988390385,
              16.32234416904668
            ],
            [
              80.46833664039374,
              16.32234416904668
            ],
            [
              80.46833664039374,
              16.322171347086154
            ],
            [
              80.46809988390385,
              16.322171347086154
            ]
          ]
        ]
      }
    },
    {
      "type": "Feature",
      "properties": {
        "id": 226,
        "building": "yes",
        "source": "synthetic_osm_like",
        "note": "Replace with real OSM data via Overpass API for production"
      },
      "geometry": {
        "type": "Polygon",
        "coordinates": [
          [
            [
              80.46497300640829,
              16.281252568703604
            ],
            [
              80.46497300640829,
              16.281372814441756
            ],
            [
              80.465098794331,
              16.281372814441756
            ],
            [
              80.465098794331,
              16.281252568703604
            ],
            [
              80.46497300640829,
              16.281252568703604
            ]
          ]
        ]
      }
    },
    {
      "type": "Feature",
      "properties": {
        "id": 227,
        "building": "yes",
        "source": "synthetic_osm_like",
        "note": "Replace with real OSM data via Overpass API for production"
      },
      "geometry": {
        "type": "Polygon",
        "coordinates": [
          [
            [
              80.42154364115751,
              16.31511198527758
            ],
            [
              80.42154364115751,
              16.31515789200898
            ],
            [
              80.42171421527868,
              16.31515789200898
            ],
            [
              80.42171421527868,
              16.31511198527758
            ],
            [
              80.42154364115751,
              16.31511198527758
            ]
          ]
        ]
      }
    },
    {
      "type": "Feature",
      "properties": {
        "id": 228,
        "building": "yes",
        "source": "synthetic_osm_like",
        "note": "Replace with real OSM data via Overpass API for production"
      },
      "geometry": {
        "type": "Polygon",
        "coordinates": [
          [
            [
              80.42803669079338,
              16.30827977470809
            ],
            [
              80.42803669079338,
              16.308352334768045
            ],
            [
              80.42807311736657,
              16.308352334768045
            ],
            [
              80.42807311736657,
              16.30827977470809
            ],
            [
              80.42803669079338,
              16.30827977470809
            ]
          ]
        ]
      }
    },
    {
      "type": "Feature",
      "properties": {
        "id": 229,
        "building": "yes",
        "source": "synthetic_osm_like",
        "note": "Replace with real OSM data via Overpass API for production"
      },
      "geometry": {
        "type": "Polygon",
        "coordinates": [
          [
            [
              80.41500351638187,
              16.317262918266636
            ],
            [
              80.41500351638187,
              16.317348257933936
            ],
            [
              80.41511508682284,
              16.317348257933936
            ],
            [
              80.41511508682284,
              16.317262918266636
            ],
            [
              80.41500351638187,
              16.317262918266636
            ]
          ]
        ]
      }
    },
    {
      "type": "Feature",
      "properties": {
        "id": 230,
        "building": "yes",
        "source": "synthetic_osm_like",
        "note": "Replace with real OSM data via Overpass API for production"
      },
      "geometry": {
        "type": "Polygon",
        "coordinates": [
          [
            [
              80.45434187969785,
              16.31604429240033
            ],
            [
              80.45434187969785,
              16.316115304373934
            ],
            [
              80.45441510709749,
              16.316115304373934
            ],
            [
              80.45441510709749,
              16.31604429240033
            ],
            [
              80.45434187969785,
              16.31604429240033
            ]
          ]
        ]
      }
    },
    {
      "type": "Feature",
      "properties": {
        "id": 231,
        "building": "yes",
        "source": "synthetic_osm_like",
        "note": "Replace with real OSM data via Overpass API for production"
      },
      "geometry": {
        "type": "Polygon",
        "coordinates": [
          [
            [
              80.4431431196761,
              16.287818095863322
            ],
            [
              80.4431431196761,
              16.287922893847394
            ],
            [
              80.44335422579356,
              16.287922893847394
            ],
            [
              80.44335422579356,
              16.287818095863322
            ],
            [
              80.4431431196761,
              16.287818095863322
            ]
          ]
        ]
      }
    },
    {
      "type": "Feature",
      "properties": {
        "id": 232,
        "building": "yes",
        "source": "synthetic_osm_like",
        "note": "Replace with real OSM data via Overpass API for production"
      },
      "geometry": {
        "type": "Polygon",
        "coordinates": [
          [
            [
              80.43091453750998,
              16.304231805831172
            ],
            [
              80.43091453750998,
              16.304334364657926
            ],
            [
              80.43097164862772,
              16.304334364657926
            ],
            [
              80.43097164862772,
              16.304231805831172
            ],
            [
              80.43091453750998,
              16.304231805831172
            ]
          ]
        ]
      }
    },
    {
      "type": "Feature",
      "properties": {
        "id": 233,
        "building": "yes",
        "source": "synthetic_osm_like",
        "note": "Replace with real OSM data via Overpass API for production"
      },
      "geometry": {
        "type": "Polygon",
        "coordinates": [
          [
            [
              80.41972066575069,
              16.301428423247366
            ],
            [
              80.41972066575069,
              16.301562940092424
            ],
            [
              80.41993384006058,
              16.301562940092424
            ],
            [
              80.41993384006058,
              16.301428423247366
            ],
            [
              80.41972066575069,
              16.301428423247366
            ]
          ]
        ]
      }
    },
    {
      "type": "Feature",
      "properties": {
        "id": 234,
        "building": "yes",
        "source": "synthetic_osm_like",
        "note": "Replace with real OSM data via Overpass API for production"
      },
      "geometry": {
        "type": "Polygon",
        "coordinates": [
          [
            [
              80.42760610960734,
              16.282238966950995
            ],
            [
              80.42760610960734,
              16.28230276930945
            ],
            [
              80.42773076584494,
              16.28230276930945
            ],
            [
              80.42773076584494,
              16.282238966950995
            ],
            [
              80.42760610960734,
              16.282238966950995
            ]
          ]
        ]
      }
    },
    {
      "type": "Feature",
      "properties": {
        "id": 235,
        "building": "yes",
        "source": "synthetic_osm_like",
        "note": "Replace with real OSM data via Overpass API for production"
      },
      "geometry": {
        "type": "Polygon",
        "coordinates": [
          [
            [
              80.40958529091684,
              16.290528844878263
            ],
            [
              80.40958529091684,
              16.29059455304377
            ],
            [
              80.40962758181921,
              16.29059455304377
            ],
            [
              80.40962758181921,
              16.290528844878263
            ],
            [
              80.40958529091684,
              16.290528844878263
            ]
          ]
        ]
      }
    },
    {
      "type": "Feature",
      "properties": {
        "id": 236,
        "building": "yes",
        "source": "synthetic_osm_like",
        "note": "Replace with real OSM data via Overpass API for production"
      },
      "geometry": {
        "type": "Polygon",
        "coordinates": [
          [
            [
              80.41223600230875,
              16.317292841331547
            ],
            [
              80.41223600230875,
              16.31740857101143
            ],
            [
              80.41236126995388,
              16.31740857101143
            ],
            [
              80.41236126995388,
              16.317292841331547
            ],
            [
              80.41223600230875,
              16.317292841331547
            ]
          ]
        ]
      }
    },
    {
      "type": "Feature",
      "properties": {
        "id": 237,
        "building": "yes",
        "source": "synthetic_osm_like",
        "note": "Replace with real OSM data via Overpass API for production"
      },
      "geometry": {
        "type": "Polygon",
        "coordinates": [
          [
            [
              80.45641797675911,
              16.321630515234855
            ],
            [
              80.45641797675911,
              16.321704905007127
            ],
            [
              80.45645004936024,
              16.321704905007127
            ],
            [
              80.45645004936024,
              16.321630515234855
            ],
            [
              80.45641797675911,
              16.321630515234855
            ]
          ]
        ]
      }
    },
    {
      "type": "Feature",
      "properties": {
        "id": 238,
        "building": "yes",
        "source": "synthetic_osm_like",
        "note": "Replace with real OSM data via Overpass API for production"
      },
      "geometry": {
        "type": "Polygon",
        "coordinates": [
          [
            [
              80.46436725025154,
              16.280850434101225
            ],
            [
              80.46436725025154,
              16.28102371955734
            ],
            [
              80.4645954905788,
              16.28102371955734
            ],
            [
              80.4645954905788,
              16.280850434101225
            ],
            [
              80.46436725025154,
              16.280850434101225
            ]
          ]
        ]
      }
    },
    {
      "type": "Feature",
      "properties": {
        "id": 239,
        "building": "yes",
        "source": "synthetic_osm_like",
        "note": "Replace with real OSM data via Overpass API for production"
      },
      "geometry": {
        "type": "Polygon",
        "coordinates": [
          [
            [
              80.42920749637877,
              16.315459209150607
            ],
            [
              80.42920749637877,
              16.315490687006285
            ],
            [
              80.42926965799931,
              16.315490687006285
            ],
            [
              80.42926965799931,
              16.315459209150607
            ],
            [
              80.42920749637877,
              16.315459209150607
            ]
          ]
        ]
      }
    },
    {
      "type": "Feature",
      "properties": {
        "id": 240,
        "building": "yes",
        "source": "synthetic_osm_like",
        "note": "Replace with real OSM data via Overpass API for production"
      },
      "geometry": {
        "type": "Polygon",
        "coordinates": [
          [
            [
              80.44321704823173,
              16.319954635710854
            ],
            [
              80.44321704823173,
              16.32017757972019
            ],
            [
              80.44332048863086,
              16.32017757972019
            ],
            [
              80.44332048863086,
              16.319954635710854
            ],
            [
              80.44321704823173,
              16.319954635710854
            ]
          ]
        ]
      }
    },
    {
      "type": "Feature",
      "properties": {
        "id": 241,
        "building": "yes",
        "source": "synthetic_osm_like",
        "note": "Replace with real OSM data via Overpass API for production"
      },
      "geometry": {
        "type": "Polygon",
        "coordinates": [
          [
            [
              80.41696134889564,
              16.322160597146127
            ],
            [
              80.41696134889564,
              16.32228783883534
            ],
            [
              80.41710295757956,
              16.32228783883534
            ],
            [
              80.41710295757956,
              16.322160597146127
            ],
            [
              80.41696134889564,
              16.322160597146127
            ]
          ]
        ]
      }
    },
    {
      "type": "Feature",
      "properties": {
        "id": 242,
        "building": "yes",
        "source": "synthetic_osm_like",
        "note": "Replace with real OSM data via Overpass API for production"
      },
      "geometry": {
        "type": "Polygon",
        "coordinates": [
          [
            [
              80.42370672301806,
              16.295483730453675
            ],
            [
              80.42370672301806,
              16.295543725729914
            ],
            [
              80.42382513634274,
              16.295543725729914
            ],
            [
              80.42382513634274,
              16.295483730453675
            ],
            [
              80.42370672301806,
              16.295483730453675
            ]
          ]
        ]
      }
    },
    {
      "type": "Feature",
      "properties": {
        "id": 243,
        "building": "yes",
        "source": "synthetic_osm_like",
        "note": "Replace with real OSM data via Overpass API for production"
      },
      "geometry": {
        "type": "Polygon",
        "coordinates": [
          [
            [
              80.43555824846362,
              16.28563041525757
            ],
            [
              80.43555824846362,
              16.285772248726282
            ],
            [
              80.4358350402616,
              16.285772248726282
            ],
            [
              80.4358350402616,
              16.28563041525757
            ],
            [
              80.43555824846362,
              16.28563041525757
            ]
          ]
        ]
      }
    },
    {
      "type": "Feature",
      "properties": {
        "id": 244,
        "building": "yes",
        "source": "synthetic_osm_like",
        "note": "Replace with real OSM data via Overpass API for production"
      },
      "geometry": {
        "type": "Polygon",
        "coordinates": [
          [
            [
              80.45702076413268,
              16.32092262213265
            ],
            [
              80.45702076413268,
              16.320972238019834
            ],
            [
              80.45708441667232,
              16.320972238019834
            ],
            [
              80.45708441667232,
              16.32092262213265
            ],
            [
              80.45702076413268,
              16.32092262213265
            ]
          ]
        ]
      }
    },
    {
      "type": "Feature",
      "properties": {
        "id": 245,
        "building": "yes",
        "source": "synthetic_osm_like",
        "note": "Replace with real OSM data via Overpass API for production"
      },
      "geometry": {
        "type": "Polygon",
        "coordinates": [
          [
            [
              80.4530998920237,
              16.310074836698625
            ],
            [
              80.4530998920237,
              16.31016506182869
            ],
            [
              80.45333024935287,
              16.31016506182869
            ],
            [
              80.45333024935287,
              16.310074836698625
            ],
            [
              80.4530998920237,
              16.310074836698625
            ]
          ]
        ]
      }
    },
    {
      "type": "Feature",
      "properties": {
        "id": 246,
        "building": "yes",
        "source": "synthetic_osm_like",
        "note": "Replace with real OSM data via Overpass API for production"
      },
      "geometry": {
        "type": "Polygon",
        "coordinates": [
          [
            [
              80.45266645925369,
              16.304635961304704
            ],
            [
              80.45266645925369,
              16.304775741197034
            ],
            [
              80.45295595628087,
              16.304775741197034
            ],
            [
              80.45295595628087,
              16.304635961304704
            ],
            [
              80.45266645925369,
              16.304635961304704
            ]
          ]
        ]
      }
    },
    {
      "type": "Feature",
      "properties": {
        "id": 247,
        "building": "yes",
        "source": "synthetic_osm_like",
        "note": "Replace with real OSM data via Overpass API for production"
      },
      "geometry": {
        "type": "Polygon",
        "coordinates": [
          [
            [
              80.44437400224011,
              16.308136549003674
            ],
            [
              80.44437400224011,
              16.30831262933661
            ],
            [
              80.44456776242838,
              16.30831262933661
            ],
            [
              80.44456776242838,
              16.308136549003674
            ],
            [
              80.44437400224011,
              16.308136549003674
            ]
          ]
        ]
      }
    },
    {
      "type": "Feature",
      "properties": {
        "id": 248,
        "building": "yes",
        "source": "synthetic_osm_like",
        "note": "Replace with real OSM data via Overpass API for production"
      },
      "geometry": {
        "type": "Polygon",
        "coordinates": [
          [
            [
              80.40473039233508,
              16.2875059220494
            ],
            [
              80.40473039233508,
              16.28758981808991
            ],
            [
              80.40482968385435,
              16.28758981808991
            ],
            [
              80.40482968385435,
              16.2875059220494
            ],
            [
              80.40473039233508,
              16.2875059220494
            ]
          ]
        ]
      }
    },
    {
      "type": "Feature",
      "properties": {
        "id": 249,
        "building": "yes",
        "source": "synthetic_osm_like",
        "note": "Replace with real OSM data via Overpass API for production"
      },
      "geometry": {
        "type": "Polygon",
        "coordinates": [
          [
            [
              80.43548713458839,
              16.282767320561657
            ],
            [
              80.43548713458839,
              16.28284989145965
            ],
            [
              80.43554002935218,
              16.28284989145965
            ],
            [
              80.43554002935218,
              16.282767320561657
            ],
            [
              80.43548713458839,
              16.282767320561657
            ]
          ]
        ]
      }
    },
    {
      "type": "Feature",
      "properties": {
        "id": 250,
        "building": "yes",
        "source": "synthetic_osm_like",
        "note": "Replace with real OSM data via Overpass API for production"
      },
      "geometry": {
        "type": "Polygon",
        "coordinates": [
          [
            [
              80.40525157462747,
              16.321475479481148
            ],
            [
              80.40525157462747,
              16.321694183685164
            ],
            [
              80.40549076553683,
              16.321694183685164
            ],
            [
              80.40549076553683,
              16.321475479481148
            ],
            [
              80.40525157462747,
              16.321475479481148
            ]
          ]
        ]
      }
    },
    {
      "type": "Feature",
      "properties": {
        "id": 251,
        "building": "yes",
        "source": "synthetic_osm_like",
        "note": "Replace with real OSM data via Overpass API for production"
      },
      "geometry": {
        "type": "Polygon",
        "coordinates": [
          [
            [
              80.4322749278297,
              16.30527613509373
            ],
            [
              80.4322749278297,
              16.305430646639667
            ],
            [
              80.43250470442013,
              16.305430646639667
            ],
            [
              80.43250470442013,
              16.30527613509373
            ],
            [
              80.4322749278297,
              16.30527613509373
            ]
          ]
        ]
      }
    },
    {
      "type": "Feature",
      "properties": {
        "id": 252,
        "building": "yes",
        "source": "synthetic_osm_like",
        "note": "Replace with real OSM data via Overpass API for production"
      },
      "geometry": {
        "type": "Polygon",
        "coordinates": [
          [
            [
              80.45660319886414,
              16.302432156964233
            ],
            [
              80.45660319886414,
              16.302541213400854
            ],
            [
              80.45677102961358,
              16.302541213400854
            ],
            [
              80.45677102961358,
              16.302432156964233
            ],
            [
              80.45660319886414,
              16.302432156964233
            ]
          ]
        ]
      }
    },
    {
      "type": "Feature",
      "properties": {
        "id": 253,
        "building": "yes",
        "source": "synthetic_osm_like",
        "note": "Replace with real OSM data via Overpass API for production"
      },
      "geometry": {
        "type": "Polygon",
        "coordinates": [
          [
            [
              80.40430003266884,
              16.287501876068085
            ],
            [
              80.40430003266884,
              16.28758423160148
            ],
            [
              80.40436228534533,
              16.28758423160148
            ],
            [
              80.40436228534533,
              16.287501876068085
            ],
            [
              80.40430003266884,
              16.287501876068085
            ]
          ]
        ]
      }
    },
    {
      "type": "Feature",
      "properties": {
        "id": 254,
        "building": "yes",
        "source": "synthetic_osm_like",
        "note": "Replace with real OSM data via Overpass API for production"
      },
      "geometry": {
        "type": "Polygon",
        "coordinates": [
          [
            [
              80.43527735345344,
              16.31569029162356
            ],
            [
              80.43527735345344,
              16.315741263293184
            ],
            [
              80.4353595067567,
              16.315741263293184
            ],
            [
              80.4353595067567,
              16.31569029162356
            ],
            [
              80.43527735345344,
              16.31569029162356
            ]
          ]
        ]
      }
    },
    {
      "type": "Feature",
      "properties": {
        "id": 255,
        "building": "yes",
        "source": "synthetic_osm_like",
        "note": "Replace with real OSM data via Overpass API for production"
      },
      "geometry": {
        "type": "Polygon",
        "coordinates": [
          [
            [
              80.43656043411502,
              16.3019421518903
            ],
            [
              80.43656043411502,
              16.302000027285963
            ],
            [
              80.43662429082215,
              16.302000027285963
            ],
            [
              80.43662429082215,
              16.3019421518903
            ],
            [
              80.43656043411502,
              16.3019421518903
            ]
          ]
        ]
      }
    },
    {
      "type": "Feature",
      "properties": {
        "id": 256,
        "building": "yes",
        "source": "synthetic_osm_like",
        "note": "Replace with real OSM data via Overpass API for production"
      },
      "geometry": {
        "type": "Polygon",
        "coordinates": [
          [
            [
              80.42358954832804,
              16.300357584608168
            ],
            [
              80.42358954832804,
              16.300519355116567
            ],
            [
              80.42378185222978,
              16.300519355116567
            ],
            [
              80.42378185222978,
              16.300357584608168
            ],
            [
              80.42358954832804,
              16.300357584608168
            ]
          ]
        ]
      }
    },
    {
      "type": "Feature",
      "properties": {
        "id": 257,
        "building": "yes",
        "source": "synthetic_osm_like",
        "note": "Replace with real OSM data via Overpass API for production"
      },
      "geometry": {
        "type": "Polygon",
        "coordinates": [
          [
            [
              80.406502821384,
              16.28324214332697
            ],
            [
              80.406502821384,
              16.283349042101005
            ],
            [
              80.40672801126813,
              16.283349042101005
            ],
            [
              80.40672801126813,
              16.28324214332697
            ],
            [
              80.406502821384,
              16.28324214332697
            ]
          ]
        ]
      }
    },
    {
      "type": "Feature",
      "properties": {
        "id": 258,
        "building": "yes",
        "source": "synthetic_osm_like",
        "note": "Replace with real OSM data via Overpass API for production"
      },
      "geometry": {
        "type": "Polygon",
        "coordinates": [
          [
            [
              80.46332759693308,
              16.312760457366075
            ],
            [
              80.46332759693308,
              16.312895951274974
            ],
            [
              80.46356038066983,
              16.312895951274974
            ],
            [
              80.46356038066983,
              16.312760457366075
            ],
            [
              80.46332759693308,
              16.312760457366075
            ]
          ]
        ]
      }
    },
    {
      "type": "Feature",
      "properties": {
        "id": 259,
        "building": "yes",
        "source": "synthetic_osm_like",
        "note": "Replace with real OSM data via Overpass API for production"
      },
      "geometry": {
        "type": "Polygon",
        "coordinates": [
          [
            [
              80.42438810526355,
              16.28696636659959
            ],
            [
              80.42438810526355,
              16.287176471458846
            ],
            [
              80.42458680499149,
              16.287176471458846
            ],
            [
              80.42458680499149,
              16.28696636659959
            ],
            [
              80.42438810526355,
              16.28696636659959
            ]
          ]
        ]
      }
    },
    {
      "type": "Feature",
      "properties": {
        "id": 260,
        "building": "yes",
        "source": "synthetic_osm_like",
        "note": "Replace with real OSM data via Overpass API for production"
      },
      "geometry": {
        "type": "Polygon",
        "coordinates": [
          [
            [
              80.46558399479663,
              16.309714087741376
            ],
            [
              80.46558399479663,
              16.30979003507378
            ],
            [
              80.46573631314259,
              16.30979003507378
            ],
            [
              80.46573631314259,
              16.309714087741376
            ],
            [
              80.46558399479663,
              16.309714087741376
            ]
          ]
        ]
      }
    },
    {
      "type": "Feature",
      "properties": {
        "id": 261,
        "building": "yes",
        "source": "synthetic_osm_like",
        "note": "Replace with real OSM data via Overpass API for production"
      },
      "geometry": {
        "type": "Polygon",
        "coordinates": [
          [
            [
              80.44678346017665,
              16.32056223382756
            ],
            [
              80.44678346017665,
              16.32075624455392
            ],
            [
              80.44703283582263,
              16.32075624455392
            ],
            [
              80.44703283582263,
              16.32056223382756
            ],
            [
              80.44678346017665,
              16.32056223382756
            ]
          ]
        ]
      }
    },
    {
      "type": "Feature",
      "properties": {
        "id": 262,
        "building": "yes",
        "source": "synthetic_osm_like",
        "note": "Replace with real OSM data via Overpass API for production"
      },
      "geometry": {
        "type": "Polygon",
        "coordinates": [
          [
            [
              80.44516628472576,
              16.306275727474397
            ],
            [
              80.44516628472576,
              16.306363606499023
            ],
            [
              80.44527719017694,
              16.306363606499023
            ],
            [
              80.44527719017694,
              16.306275727474397
            ],
            [
              80.44516628472576,
              16.306275727474397
            ]
          ]
        ]
      }
    },
    {
      "type": "Feature",
      "properties": {
        "id": 263,
        "building": "yes",
        "source": "synthetic_osm_like",
        "note": "Replace with real OSM data via Overpass API for production"
      },
      "geometry": {
        "type": "Polygon",
        "coordinates": [
          [
            [
              80.41491797468696,
              16.288928025682885
            ],
            [
              80.41491797468696,
              16.289098266604803
            ],
            [
              80.4150689978823,
              16.289098266604803
            ],
            [
              80.4150689978823,
              16.288928025682885
            ],
            [
              80.41491797468696,
              16.288928025682885
            ]
          ]
        ]
      }
    },
    {
      "type": "Feature",
      "properties": {
        "id": 264,
        "building": "yes",
        "source": "synthetic_osm_like",
        "note": "Replace with real OSM data via Overpass API for production"
      },
      "geometry": {
        "type": "Polygon",
        "coordinates": [
          [
            [
              80.40526463319983,
              16.286830567296317
            ],
            [
              80.40526463319983,
              16.28692596802139
            ],
            [
              80.4055384786023,
              16.28692596802139
            ],
            [
              80.4055384786023,
              16.286830567296317
            ],
            [
              80.40526463319983,
              16.286830567296317
            ]
          ]
        ]
      }
    },
    {
      "type": "Feature",
      "properties": {
        "id": 265,
        "building": "yes",
        "source": "synthetic_osm_like",
        "note": "Replace with real OSM data via Overpass API for production"
      },
      "geometry": {
        "type": "Polygon",
        "coordinates": [
          [
            [
              80.46181478173278,
              16.321735071424204
            ],
            [
              80.46181478173278,
              16.32177691123925
            ],
            [
              80.46190072143617,
              16.32177691123925
            ],
            [
              80.46190072143617,
              16.321735071424204
            ],
            [
              80.46181478173278,
              16.321735071424204
            ]
          ]
        ]
      }
    },
    {
      "type": "Feature",
      "properties": {
        "id": 266,
        "building": "yes",
        "source": "synthetic_osm_like",
        "note": "Replace with real OSM data via Overpass API for production"
      },
      "geometry": {
        "type": "Polygon",
        "coordinates": [
          [
            [
              80.42631276484991,
              16.28650799990367
            ],
            [
              80.42631276484991,
              16.286596904239282
            ],
            [
              80.42642801706526,
              16.286596904239282
            ],
            [
              80.42642801706526,
              16.28650799990367
            ],
            [
              80.42631276484991,
              16.28650799990367
            ]
          ]
        ]
      }
    },
    {
      "type": "Feature",
      "properties": {
        "id": 267,
        "building": "yes",
        "source": "synthetic_osm_like",
        "note": "Replace with real OSM data via Overpass API for production"
      },
      "geometry": {
        "type": "Polygon",
        "coordinates": [
          [
            [
              80.41150576489551,
              16.32040487116024
            ],
            [
              80.41150576489551,
              16.320499500803688
            ],
            [
              80.41166971830867,
              16.320499500803688
            ],
            [
              80.41166971830867,
              16.32040487116024
            ],
            [
              80.41150576489551,
              16.32040487116024
            ]
          ]
        ]
      }
    },
    {
      "type": "Feature",
      "properties": {
        "id": 268,
        "building": "yes",
        "source": "synthetic_osm_like",
        "note": "Replace with real OSM data via Overpass API for production"
      },
      "geometry": {
        "type": "Polygon",
        "coordinates": [
          [
            [
              80.43104298808348,
              16.29182450312605
            ],
            [
              80.43104298808348,
              16.29192851701864
            ],
            [
              80.43114483128926,
              16.29192851701864
            ],
            [
              80.43114483128926,
              16.29182450312605
            ],
            [
              80.43104298808348,
              16.29182450312605
            ]
          ]
        ]
      }
    },
    {
      "type": "Feature",
      "properties": {
        "id": 269,
        "building": "yes",
        "source": "synthetic_osm_like",
        "note": "Replace with real OSM data via Overpass API for production"
      },
      "geometry": {
        "type": "Polygon",
        "coordinates": [
          [
            [
              80.42152225487507,
              16.30662600387698
            ],
            [
              80.42152225487507,
              16.306775111092847
            ],
            [
              80.42180325064373,
              16.306775111092847
            ],
            [
              80.42180325064373,
              16.30662600387698
            ],
            [
              80.42152225487507,
              16.30662600387698
            ]
          ]
        ]
      }
    },
    {
      "type": "Feature",
      "properties": {
        "id": 270,
        "building": "yes",
        "source": "synthetic_osm_like",
        "note": "Replace with real OSM data via Overpass API for production"
      },
      "geometry": {
        "type": "Polygon",
        "coordinates": [
          [
            [
              80.46621376603497,
              16.298306667294636
            ],
            [
              80.46621376603497,
              16.29847742852787
            ],
            [
              80.4663844577992,
              16.29847742852787
            ],
            [
              80.4663844577992,
              16.298306667294636
            ],
            [
              80.46621376603497,
              16.298306667294636
            ]
          ]
        ]
      }
    },
    {
      "type": "Feature",
      "properties": {
        "id": 271,
        "building": "yes",
        "source": "synthetic_osm_like",
        "note": "Replace with real OSM data via Overpass API for production"
      },
      "geometry": {
        "type": "Polygon",
        "coordinates": [
          [
            [
              80.43676693065345,
              16.2989783167006
            ],
            [
              80.43676693065345,
              16.299208926718467
            ],
            [
              80.43707743973115,
              16.299208926718467
            ],
            [
              80.43707743973115,
              16.2989783167006
            ],
            [
              80.43676693065345,
              16.2989783167006
            ]
          ]
        ]
      }
    },
    {
      "type": "Feature",
      "properties": {
        "id": 272,
        "building": "yes",
        "source": "synthetic_osm_like",
        "note": "Replace with real OSM data via Overpass API for production"
      },
      "geometry": {
        "type": "Polygon",
        "coordinates": [
          [
            [
              80.41740912742048,
              16.286829707500015
            ],
            [
              80.41740912742048,
              16.287010145960327
            ],
            [
              80.41759132220199,
              16.287010145960327
            ],
            [
              80.41759132220199,
              16.286829707500015
            ],
            [
              80.41740912742048,
              16.286829707500015
            ]
          ]
        ]
      }
    },
    {
      "type": "Feature",
      "properties": {
        "id": 273,
        "building": "yes",
        "source": "synthetic_osm_like",
        "note": "Replace with real OSM data via Overpass API for production"
      },
      "geometry": {
        "type": "Polygon",
        "coordinates": [
          [
            [
              80.45907572207929,
              16.285066835671962
            ],
            [
              80.45907572207929,
              16.285192137502882
            ],
            [
              80.4593491966634,
              16.285192137502882
            ],
            [
              80.4593491966634,
              16.285066835671962
            ],
            [
              80.45907572207929,
              16.285066835671962
            ]
          ]
        ]
      }
    },
    {
      "type": "Feature",
      "properties": {
        "id": 274,
        "building": "yes",
        "source": "synthetic_osm_like",
        "note": "Replace with real OSM data via Overpass API for production"
      },
      "geometry": {
        "type": "Polygon",
        "coordinates": [
          [
            [
              80.46330666611603,
              16.2936092047899
            ],
            [
              80.46330666611603,
              16.293669925169237
            ],
            [
              80.46343620314092,
              16.293669925169237
            ],
            [
              80.46343620314092,
              16.2936092047899
            ],
            [
              80.46330666611603,
              16.2936092047899
            ]
          ]
        ]
      }
    },
    {
      "type": "Feature",
      "properties": {
        "id": 275,
        "building": "yes",
        "source": "synthetic_osm_like",
        "note": "Replace with real OSM data via Overpass API for production"
      },
      "geometry": {
        "type": "Polygon",
        "coordinates": [
          [
            [
              80.43155116242903,
              16.291077667990198
            ],
            [
              80.43155116242903,
              16.2911261327005
            ],
            [
              80.43160675620189,
              16.2911261327005
            ],
            [
              80.43160675620189,
              16.291077667990198
            ],
            [
              80.43155116242903,
              16.291077667990198
            ]
          ]
        ]
      }
    },
    {
      "type": "Feature",
      "properties": {
        "id": 276,
        "building": "yes",
        "source": "synthetic_osm_like",
        "note": "Replace with real OSM data via Overpass API for production"
      },
      "geometry": {
        "type": "Polygon",
        "coordinates": [
          [
            [
              80.41645391847901,
              16.305022084058976
            ],
            [
              80.41645391847901,
              16.30517862741035
            ],
            [
              80.41655501186189,
              16.30517862741035
            ],
            [
              80.41655501186189,
              16.305022084058976
            ],
            [
              80.41645391847901,
              16.305022084058976
            ]
          ]
        ]
      }
    },
    {
      "type": "Feature",
      "properties": {
        "id": 277,
        "building": "yes",
        "source": "synthetic_osm_like",
        "note": "Replace with real OSM data via Overpass API for production"
      },
      "geometry": {
        "type": "Polygon",
        "coordinates": [
          [
            [
              80.45869357633606,
              16.32645574411088
            ],
            [
              80.45869357633606,
              16.326626846364114
            ],
            [
              80.45879110392957,
              16.326626846364114
            ],
            [
              80.45879110392957,
              16.32645574411088
            ],
            [
              80.45869357633606,
              16.32645574411088
            ]
          ]
        ]
      }
    },
    {
      "type": "Feature",
      "properties": {
        "id": 278,
        "building": "yes",
        "source": "synthetic_osm_like",
        "note": "Replace with real OSM data via Overpass API for production"
      },
      "geometry": {
        "type": "Polygon",
        "coordinates": [
          [
            [
              80.45797071272149,
              16.29429966673528
            ],
            [
              80.45797071272149,
              16.29438827299605
            ],
            [
              80.4581959089199,
              16.29438827299605
            ],
            [
              80.4581959089199,
              16.29429966673528
            ],
            [
              80.45797071272149,
              16.29429966673528
            ]
          ]
        ]
      }
    },
    {
      "type": "Feature",
      "properties": {
        "id": 279,
        "building": "yes",
        "source": "synthetic_osm_like",
        "note": "Replace with real OSM data via Overpass API for production"
      },
      "geometry": {
        "type": "Polygon",
        "coordinates": [
          [
            [
              80.4003168333262,
              16.302409062427618
            ],
            [
              80.4003168333262,
              16.30245108497061
            ],
            [
              80.40041833443661,
              16.30245108497061
            ],
            [
              80.40041833443661,
              16.302409062427618
            ],
            [
              80.4003168333262,
              16.302409062427618
            ]
          ]
        ]
      }
    },
    {
      "type": "Feature",
      "properties": {
        "id": 280,
        "building": "yes",
        "source": "synthetic_osm_like",
        "note": "Replace with real OSM data via Overpass API for production"
      },
      "geometry": {
        "type": "Polygon",
        "coordinates": [
          [
            [
              80.45085008880842,
              16.307404753956316
            ],
            [
              80.45085008880842,
              16.307475670588065
            ],
            [
              80.45096278113708,
              16.307475670588065
            ],
            [
              80.45096278113708,
              16.307404753956316
            ],
            [
              80.45085008880842,
              16.307404753956316
            ]
          ]
        ]
      }
    },
    {
      "type": "Feature",
      "properties": {
        "id": 281,
        "building": "yes",
        "source": "synthetic_osm_like",
        "note": "Replace with real OSM data via Overpass API for production"
      },
      "geometry": {
        "type": "Polygon",
        "coordinates": [
          [
            [
              80.40327977901599,
              16.294991903629796
            ],
            [
              80.40327977901599,
              16.295123215828827
            ],
            [
              80.40340514351065,
              16.295123215828827
            ],
            [
              80.40340514351065,
              16.294991903629796
            ],
            [
              80.40327977901599,
              16.294991903629796
            ]
          ]
        ]
      }
    },
    {
      "type": "Feature",
      "properties": {
        "id": 282,
        "building": "yes",
        "source": "synthetic_osm_like",
        "note": "Replace with real OSM data via Overpass API for production"
      },
      "geometry": {
        "type": "Polygon",
        "coordinates": [
          [
            [
              80.46327717458765,
              16.285510533850793
            ],
            [
              80.46327717458765,
              16.285575255678207
            ],
            [
              80.46344338940504,
              16.285575255678207
            ],
            [
              80.46344338940504,
              16.285510533850793
            ],
            [
              80.46327717458765,
              16.285510533850793
            ]
          ]
        ]
      }
    },
    {
      "type": "Feature",
      "properties": {
        "id": 283,
        "building": "yes",
        "source": "synthetic_osm_like",
        "note": "Replace with real OSM data via Overpass API for production"
      },
      "geometry": {
        "type": "Polygon",
        "coordinates": [
          [
            [
              80.41000430077239,
              16.292039631108473
            ],
            [
              80.41000430077239,
              16.292154182333626
            ],
            [
              80.4100964568621,
              16.292154182333626
            ],
            [
              80.4100964568621,
              16.292039631108473
            ],
            [
              80.41000430077239,
              16.292039631108473
            ]
          ]
        ]
      }
    },
    {
      "type": "Feature",
      "properties": {
        "id": 284,
        "building": "yes",
        "source": "synthetic_osm_like",
        "note": "Replace with real OSM data via Overpass API for production"
      },
      "geometry": {
        "type": "Polygon",
        "coordinates": [
          [
            [
              80.44648830162494,
              16.30078675634369
            ],
            [
              80.44648830162494,
              16.300870003177167
            ],
            [
              80.44652368061894,
              16.300870003177167
            ],
            [
              80.44652368061894,
              16.30078675634369
            ],
            [
              80.44648830162494,
              16.30078675634369
            ]
          ]
        ]
      }
    },
    {
      "type": "Feature",
      "properties": {
        "id": 285,
        "building": "yes",
        "source": "synthetic_osm_like",
        "note": "Replace with real OSM data via Overpass API for production"
      },
      "geometry": {
        "type": "Polygon",
        "coordinates": [
          [
            [
              80.43541221259403,
              16.306209105336357
            ],
            [
              80.43541221259403,
              16.306396839195862
            ],
            [
              80.43561366492713,
              16.306396839195862
            ],
            [
              80.43561366492713,
              16.306209105336357
            ],
            [
              80.43541221259403,
              16.306209105336357
            ]
          ]
        ]
      }
    },
    {
      "type": "Feature",
      "properties": {
        "id": 286,
        "building": "yes",
        "source": "synthetic_osm_like",
        "note": "Replace with real OSM data via Overpass API for production"
      },
      "geometry": {
        "type": "Polygon",
        "coordinates": [
          [
            [
              80.44444857565787,
              16.303440015403798
            ],
            [
              80.44444857565787,
              16.303573492412053
            ],
            [
              80.44454533514775,
              16.303573492412053
            ],
            [
              80.44454533514775,
              16.303440015403798
            ],
            [
              80.44444857565787,
              16.303440015403798
            ]
          ]
        ]
      }
    },
    {
      "type": "Feature",
      "properties": {
        "id": 287,
        "building": "yes",
        "source": "synthetic_osm_like",
        "note": "Replace with real OSM data via Overpass API for production"
      },
      "geometry": {
        "type": "Polygon",
        "coordinates": [
          [
            [
              80.42401212201528,
              16.319344948568332
            ],
            [
              80.42401212201528,
              16.31950705305962
            ],
            [
              80.42426022702759,
              16.31950705305962
            ],
            [
              80.42426022702759,
              16.319344948568332
            ],
            [
              80.42401212201528,
              16.319344948568332
            ]
          ]
        ]
      }
    },
    {
      "type": "Feature",
      "properties": {
        "id": 288,
        "building": "yes",
        "source": "synthetic_osm_like",
        "note": "Replace with real OSM data via Overpass API for production"
      },
      "geometry": {
        "type": "Polygon",
        "coordinates": [
          [
            [
              80.42323069381396,
              16.316732733606333
            ],
            [
              80.42323069381396,
              16.3167859648749
            ],
            [
              80.42332191135813,
              16.3167859648749
            ],
            [
              80.42332191135813,
              16.316732733606333
            ],
            [
              80.42323069381396,
              16.316732733606333
            ]
          ]
        ]
      }
    },
    {
      "type": "Feature",
      "properties": {
        "id": 289,
        "building": "yes",
        "source": "synthetic_osm_like",
        "note": "Replace with real OSM data via Overpass API for production"
      },
      "geometry": {
        "type": "Polygon",
        "coordinates": [
          [
            [
              80.4544589024683,
              16.288690191060773
            ],
            [
              80.4544589024683,
              16.288818721644397
            ],
            [
              80.45462106061865,
              16.288818721644397
            ],
            [
              80.45462106061865,
              16.288690191060773
            ],
            [
              80.4544589024683,
              16.288690191060773
            ]
          ]
        ]
      }
    },
    {
      "type": "Feature",
      "properties": {
        "id": 290,
        "building": "yes",
        "source": "synthetic_osm_like",
        "note": "Replace with real OSM data via Overpass API for production"
      },
      "geometry": {
        "type": "Polygon",
        "coordinates": [
          [
            [
              80.40434380731,
              16.320503295324425
            ],
            [
              80.40434380731,
              16.320646472860336
            ],
            [
              80.40449026787454,
              16.320646472860336
            ],
            [
              80.40449026787454,
              16.320503295324425
            ],
            [
              80.40434380731,
              16.320503295324425
            ]
          ]
        ]
      }
    },
    {
      "type": "Feature",
      "properties": {
        "id": 291,
        "building": "yes",
        "source": "synthetic_osm_like",
        "note": "Replace with real OSM data via Overpass API for production"
      },
      "geometry": {
        "type": "Polygon",
        "coordinates": [
          [
            [
              80.4139293587979,
              16.282154076555525
            ],
            [
              80.4139293587979,
              16.282226551010393
            ],
            [
              80.41399641792222,
              16.282226551010393
            ],
            [
              80.41399641792222,
              16.282154076555525
            ],
            [
              80.4139293587979,
              16.282154076555525
            ]
          ]
        ]
      }
    },
    {
      "type": "Feature",
      "properties": {
        "id": 292,
        "building": "yes",
        "source": "synthetic_osm_like",
        "note": "Replace with real OSM data via Overpass API for production"
      },
      "geometry": {
        "type": "Polygon",
        "coordinates": [
          [
            [
              80.43797974983677,
              16.329406599576636
            ],
            [
              80.43797974983677,
              16.32950567065297
            ],
            [
              80.43804454783482,
              16.32950567065297
            ],
            [
              80.43804454783482,
              16.329406599576636
            ],
            [
              80.43797974983677,
              16.329406599576636
            ]
          ]
        ]
      }
    },
    {
      "type": "Feature",
      "properties": {
        "id": 293,
        "building": "yes",
        "source": "synthetic_osm_like",
        "note": "Replace with real OSM data via Overpass API for production"
      },
      "geometry": {
        "type": "Polygon",
        "coordinates": [
          [
            [
              80.45460110780772,
              16.297781498022783
            ],
            [
              80.45460110780772,
              16.297915919580756
            ],
            [
              80.45471671156926,
              16.297915919580756
            ],
            [
              80.45471671156926,
              16.297781498022783
            ],
            [
              80.45460110780772,
              16.297781498022783
            ]
          ]
        ]
      }
    },
    {
      "type": "Feature",
      "properties": {
        "id": 294,
        "building": "yes",
        "source": "synthetic_osm_like",
        "note": "Replace with real OSM data via Overpass API for production"
      },
      "geometry": {
        "type": "Polygon",
        "coordinates": [
          [
            [
              80.46218243877166,
              16.298299796034183
            ],
            [
              80.46218243877166,
              16.298502121397288
            ],
            [
              80.46234567361006,
              16.298502121397288
            ],
            [
              80.46234567361006,
              16.298299796034183
            ],
            [
              80.46218243877166,
              16.298299796034183
            ]
          ]
        ]
      }
    },
    {
      "type": "Feature",
      "properties": {
        "id": 295,
        "building": "yes",
        "source": "synthetic_osm_like",
        "note": "Replace with real OSM data via Overpass API for production"
      },
      "geometry": {
        "type": "Polygon",
        "coordinates": [
          [
            [
              80.43465962634764,
              16.328606449746832
            ],
            [
              80.43465962634764,
              16.328765908684698
            ],
            [
              80.43480882536755,
              16.328765908684698
            ],
            [
              80.43480882536755,
              16.328606449746832
            ],
            [
              80.43465962634764,
              16.328606449746832
            ]
          ]
        ]
      }
    },
    {
      "type": "Feature",
      "properties": {
        "id": 296,
        "building": "yes",
        "source": "synthetic_osm_like",
        "note": "Replace with real OSM data via Overpass API for production"
      },
      "geometry": {
        "type": "Polygon",
        "coordinates": [
          [
            [
              80.45084552227661,
              16.320026783338076
            ],
            [
              80.45084552227661,
              16.320088025402097
            ],
            [
              80.45094586313135,
              16.320088025402097
            ],
            [
              80.45094586313135,
              16.320026783338076
            ],
            [
              80.45084552227661,
              16.320026783338076
            ]
          ]
        ]
      }
    },
    {
      "type": "Feature",
      "properties": {
        "id": 297,
        "building": "yes",
        "source": "synthetic_osm_like",
        "note": "Replace with real OSM data via Overpass API for production"
      },
      "geometry": {
        "type": "Polygon",
        "coordinates": [
          [
            [
              80.42245694843655,
              16.307241385609345
            ],
            [
              80.42245694843655,
              16.30730605412512
            ],
            [
              80.4225126515135,
              16.30730605412512
            ],
            [
              80.4225126515135,
              16.307241385609345
            ],
            [
              80.42245694843655,
              16.307241385609345
            ]
          ]
        ]
      }
    },
    {
      "type": "Feature",
      "properties": {
        "id": 298,
        "building": "yes",
        "source": "synthetic_osm_like",
        "note": "Replace with real OSM data via Overpass API for production"
      },
      "geometry": {
        "type": "Polygon",
        "coordinates": [
          [
            [
              80.42978765224689,
              16.31007238464717
            ],
            [
              80.42978765224689,
              16.31018977812589
            ],
            [
              80.42986859795676,
              16.31018977812589
            ],
            [
              80.42986859795676,
              16.31007238464717
            ],
            [
              80.42978765224689,
              16.31007238464717
            ]
          ]
        ]
      }
    },
    {
      "type": "Feature",
      "properties": {
        "id": 299,
        "building": "yes",
        "source": "synthetic_osm_like",
        "note": "Replace with real OSM data via Overpass API for production"
      },
      "geometry": {
        "type": "Polygon",
        "coordinates": [
          [
            [
              80.42449500320122,
              16.323432376089166
            ],
            [
              80.42449500320122,
              16.323571341416468
            ],
            [
              80.42486330024197,
              16.323571341416468
            ],
            [
              80.42486330024197,
              16.323432376089166
            ],
            [
              80.42449500320122,
              16.323432376089166
            ]
          ]
        ]
      }
    },
    {
      "type": "Feature",
      "properties": {
        "id": 300,
        "building": "yes",
        "source": "synthetic_osm_like",
        "note": "Replace with real OSM data via Overpass API for production"
      },
      "geometry": {
        "type": "Polygon",
        "coordinates": [
          [
            [
              80.40513690112664,
              16.32733875050264
            ],
            [
              80.40513690112664,
              16.327451687357666
            ],
            [
              80.40536886197171,
              16.327451687357666
            ],
            [
              80.40536886197171,
              16.32733875050264
            ],
            [
              80.40513690112664,
              16.32733875050264
            ]
          ]
        ]
      }
    },
    {
      "type": "Feature",
      "properties": {
        "id": 301,
        "building": "yes",
        "source": "synthetic_osm_like",
        "note": "Replace with real OSM data via Overpass API for production"
      },
      "geometry": {
        "type": "Polygon",
        "coordinates": [
          [
            [
              80.46663937551148,
              16.313935002432725
            ],
            [
              80.46663937551148,
              16.314006058348742
            ],
            [
              80.46675113996767,
              16.314006058348742
            ],
            [
              80.46675113996767,
              16.313935002432725
            ],
            [
              80.46663937551148,
              16.313935002432725
            ]
          ]
        ]
      }
    },
    {
      "type": "Feature",
      "properties": {
        "id": 302,
        "building": "yes",
        "source": "synthetic_osm_like",
        "note": "Replace with real OSM data via Overpass API for production"
      },
      "geometry": {
        "type": "Polygon",
        "coordinates": [
          [
            [
              80.40462249984664,
              16.28167505252597
            ],
            [
              80.40462249984664,
              16.281804844053887
            ],
            [
              80.40479017098205,
              16.281804844053887
            ],
            [
              80.40479017098205,
              16.28167505252597
            ],
            [
              80.40462249984664,
              16.28167505252597
            ]
          ]
        ]
      }
    },
    {
      "type": "Feature",
      "properties": {
        "id": 303,
        "building": "yes",
        "source": "synthetic_osm_like",
        "note": "Replace with real OSM data via Overpass API for production"
      },
      "geometry": {
        "type": "Polygon",
        "coordinates": [
          [
            [
              80.44228144673087,
              16.308263410068893
            ],
            [
              80.44228144673087,
              16.30846105410352
            ],
            [
              80.44243182930879,
              16.30846105410352
            ],
            [
              80.44243182930879,
              16.308263410068893
            ],
            [
              80.44228144673087,
              16.308263410068893
            ]
          ]
        ]
      }
    },
    {
      "type": "Feature",
      "properties": {
        "id": 304,
        "building": "yes",
        "source": "synthetic_osm_like",
        "note": "Replace with real OSM data via Overpass API for production"
      },
      "geometry": {
        "type": "Polygon",
        "coordinates": [
          [
            [
              80.44008522480733,
              16.318102021536284
            ],
            [
              80.44008522480733,
              16.318206425643574
            ],
            [
              80.4402638241594,
              16.318206425643574
            ],
            [
              80.4402638241594,
              16.318102021536284
            ],
            [
              80.44008522480733,
              16.318102021536284
            ]
          ]
        ]
      }
    },
    {
      "type": "Feature",
      "properties": {
        "id": 305,
        "building": "yes",
        "source": "synthetic_osm_like",
        "note": "Replace with real OSM data via Overpass API for production"
      },
      "geometry": {
        "type": "Polygon",
        "coordinates": [
          [
            [
              80.40786032797399,
              16.292408628860752
            ],
            [
              80.40786032797399,
              16.292552536448586
            ],
            [
              80.40802247778791,
              16.292552536448586
            ],
            [
              80.40802247778791,
              16.292408628860752
            ],
            [
              80.40786032797399,
              16.292408628860752
            ]
          ]
        ]
      }
    },
    {
      "type": "Feature",
      "properties": {
        "id": 306,
        "building": "yes",
        "source": "synthetic_osm_like",
        "note": "Replace with real OSM data via Overpass API for production"
      },
      "geometry": {
        "type": "Polygon",
        "coordinates": [
          [
            [
              80.41824125261863,
              16.308045789940877
            ],
            [
              80.41824125261863,
              16.30812148113509
            ],
            [
              80.41840748210362,
              16.30812148113509
            ],
            [
              80.41840748210362,
              16.308045789940877
            ],
            [
              80.41824125261863,
              16.308045789940877
            ]
          ]
        ]
      }
    },
    {
      "type": "Feature",
      "properties": {
        "id": 307,
        "building": "yes",
        "source": "synthetic_osm_like",
        "note": "Replace with real OSM data via Overpass API for production"
      },
      "geometry": {
        "type": "Polygon",
        "coordinates": [
          [
            [
              80.46405054791806,
              16.29424425539471
            ],
            [
              80.46405054791806,
              16.294313432375105
            ],
            [
              80.4642564994178,
              16.294313432375105
            ],
            [
              80.4642564994178,
              16.29424425539471
            ],
            [
              80.46405054791806,
              16.29424425539471
            ]
          ]
        ]
      }
    },
    {
      "type": "Feature",
      "properties": {
        "id": 308,
        "building": "yes",
        "source": "synthetic_osm_like",
        "note": "Replace with real OSM data via Overpass API for production"
      },
      "geometry": {
        "type": "Polygon",
        "coordinates": [
          [
            [
              80.4628243159307,
              16.302571306750263
            ],
            [
              80.4628243159307,
              16.302632961774275
            ],
            [
              80.46299074837935,
              16.302632961774275
            ],
            [
              80.46299074837935,
              16.302571306750263
            ],
            [
              80.4628243159307,
              16.302571306750263
            ]
          ]
        ]
      }
    },
    {
      "type": "Feature",
      "properties": {
        "id": 309,
        "building": "yes",
        "source": "synthetic_osm_like",
        "note": "Replace with real OSM data via Overpass API for production"
      },
      "geometry": {
        "type": "Polygon",
        "coordinates": [
          [
            [
              80.42230838198134,
              16.322250150028513
            ],
            [
              80.42230838198134,
              16.322301971868956
            ],
            [
              80.42243390611267,
              16.322301971868956
            ],
            [
              80.42243390611267,
              16.322250150028513
            ],
            [
              80.42230838198134,
              16.322250150028513
            ]
          ]
        ]
      }
    },
    {
      "type": "Feature",
      "properties": {
        "id": 310,
        "building": "yes",
        "source": "synthetic_osm_like",
        "note": "Replace with real OSM data via Overpass API for production"
      },
      "geometry": {
        "type": "Polygon",
        "coordinates": [
          [
            [
              80.45948847244497,
              16.324466079444573
            ],
            [
              80.45948847244497,
              16.324667088790815
            ],
            [
              80.45970221466047,
              16.324667088790815
            ],
            [
              80.45970221466047,
              16.324466079444573
            ],
            [
              80.45948847244497,
              16.324466079444573
            ]
          ]
        ]
      }
    },
    {
      "type": "Feature",
      "properties": {
        "id": 311,
        "building": "yes",
        "source": "synthetic_osm_like",
        "note": "Replace with real OSM data via Overpass API for production"
      },
      "geometry": {
        "type": "Polygon",
        "coordinates": [
          [
            [
              80.4355902923922,
              16.319663345098025
            ],
            [
              80.4355902923922,
              16.319706293286476
            ],
            [
              80.4356355119322,
              16.319706293286476
            ],
            [
              80.4356355119322,
              16.319663345098025
            ],
            [
              80.4355902923922,
              16.319663345098025
            ]
          ]
        ]
      }
    },
    {
      "type": "Feature",
      "properties": {
        "id": 312,
        "building": "yes",
        "source": "synthetic_osm_like",
        "note": "Replace with real OSM data via Overpass API for production"
      },
      "geometry": {
        "type": "Polygon",
        "coordinates": [
          [
            [
              80.40173364009584,
              16.31946670600922
            ],
            [
              80.40173364009584,
              16.319570600071554
            ],
            [
              80.40194612365732,
              16.319570600071554
            ],
            [
              80.40194612365732,
              16.31946670600922
            ],
            [
              80.40173364009584,
              16.31946670600922
            ]
          ]
        ]
      }
    },
    {
      "type": "Feature",
      "properties": {
        "id": 313,
        "building": "yes",
        "source": "synthetic_osm_like",
        "note": "Replace with real OSM data via Overpass API for production"
      },
      "geometry": {
        "type": "Polygon",
        "coordinates": [
          [
            [
              80.44277750070499,
              16.30755947095781
            ],
            [
              80.44277750070499,
              16.307605222434834
            ],
            [
              80.4428952700619,
              16.307605222434834
            ],
            [
              80.4428952700619,
              16.30755947095781
            ],
            [
              80.44277750070499,
              16.30755947095781
            ]
          ]
        ]
      }
    },
    {
      "type": "Feature",
      "properties": {
        "id": 314,
        "building": "yes",
        "source": "synthetic_osm_like",
        "note": "Replace with real OSM data via Overpass API for production"
      },
      "geometry": {
        "type": "Polygon",
        "coordinates": [
          [
            [
              80.43675143587386,
              16.315845186716636
            ],
            [
              80.43675143587386,
              16.31604177927243
            ],
            [
              80.43684595580238,
              16.31604177927243
            ],
            [
              80.43684595580238,
              16.315845186716636
            ],
            [
              80.43675143587386,
              16.315845186716636
            ]
          ]
        ]
      }
    },
    {
      "type": "Feature",
      "properties": {
        "id": 315,
        "building": "yes",
        "source": "synthetic_osm_like",
        "note": "Replace with real OSM data via Overpass API for production"
      },
      "geometry": {
        "type": "Polygon",
        "coordinates": [
          [
            [
              80.44490778674529,
              16.32855670742921
            ],
            [
              80.44490778674529,
              16.328681265722164
            ],
            [
              80.44501961576881,
              16.328681265722164
            ],
            [
              80.44501961576881,
              16.32855670742921
            ],
            [
              80.44490778674529,
              16.32855670742921
            ]
          ]
        ]
      }
    },
    {
      "type": "Feature",
      "properties": {
        "id": 316,
        "building": "yes",
        "source": "synthetic_osm_like",
        "note": "Replace with real OSM data via Overpass API for production"
      },
      "geometry": {
        "type": "Polygon",
        "coordinates": [
          [
            [
              80.45448522844042,
              16.32385329614789
            ],
            [
              80.45448522844042,
              16.323942719017143
            ],
            [
              80.45475158159694,
              16.323942719017143
            ],
            [
              80.45475158159694,
              16.32385329614789
            ],
            [
              80.45448522844042,
              16.32385329614789
            ]
          ]
        ]
      }
    },
    {
      "type": "Feature",
      "properties": {
        "id": 317,
        "building": "yes",
        "source": "synthetic_osm_like",
        "note": "Replace with real OSM data via Overpass API for production"
      },
      "geometry": {
        "type": "Polygon",
        "coordinates": [
          [
            [
              80.46372995160094,
              16.30161456684026
            ],
            [
              80.46372995160094,
              16.30164726180794
            ],
            [
              80.46376976633162,
              16.30164726180794
            ],
            [
              80.46376976633162,
              16.30161456684026
            ],
            [
              80.46372995160094,
              16.30161456684026
            ]
          ]
        ]
      }
    },
    {
      "type": "Feature",
      "properties": {
        "id": 318,
        "building": "yes",
        "source": "synthetic_osm_like",
        "note": "Replace with real OSM data via Overpass API for production"
      },
      "geometry": {
        "type": "Polygon",
        "coordinates": [
          [
            [
              80.42244636941716,
              16.2881734226894
            ],
            [
              80.42244636941716,
              16.288292285299615
            ],
            [
              80.4227261357445,
              16.288292285299615
            ],
            [
              80.4227261357445,
              16.2881734226894
            ],
            [
              80.42244636941716,
              16.2881734226894
            ]
          ]
        ]
      }
    },
    {
      "type": "Feature",
      "properties": {
        "id": 319,
        "building": "yes",
        "source": "synthetic_osm_like",
        "note": "Replace with real OSM data via Overpass API for production"
      },
      "geometry": {
        "type": "Polygon",
        "coordinates": [
          [
            [
              80.45916098979778,
              16.324701640543474
            ],
            [
              80.45916098979778,
              16.324790951138638
            ],
            [
              80.45926972906405,
              16.324790951138638
            ],
            [
              80.45926972906405,
              16.324701640543474
            ],
            [
              80.45916098979778,
              16.324701640543474
            ]
          ]
        ]
      }
    },
    {
      "type": "Feature",
      "properties": {
        "id": 320,
        "building": "yes",
        "source": "synthetic_osm_like",
        "note": "Replace with real OSM data via Overpass API for production"
      },
      "geometry": {
        "type": "Polygon",
        "coordinates": [
          [
            [
              80.42115191167396,
              16.2861999645097
            ],
            [
              80.42115191167396,
              16.28631706500299
            ],
            [
              80.42124353318128,
              16.28631706500299
            ],
            [
              80.42124353318128,
              16.2861999645097
            ],
            [
              80.42115191167396,
              16.2861999645097
            ]
          ]
        ]
      }
    },
    {
      "type": "Feature",
      "properties": {
        "id": 321,
        "building": "yes",
        "source": "synthetic_osm_like",
        "note": "Replace with real OSM data via Overpass API for production"
      },
      "geometry": {
        "type": "Polygon",
        "coordinates": [
          [
            [
              80.41069555528493,
              16.326998763749312
            ],
            [
              80.41069555528493,
              16.32716193503754
            ],
            [
              80.41089164207823,
              16.32716193503754
            ],
            [
              80.41089164207823,
              16.326998763749312
            ],
            [
              80.41069555528493,
              16.326998763749312
            ]
          ]
        ]
      }
    },
    {
      "type": "Feature",
      "properties": {
        "id": 322,
        "building": "yes",
        "source": "synthetic_osm_like",
        "note": "Replace with real OSM data via Overpass API for production"
      },
      "geometry": {
        "type": "Polygon",
        "coordinates": [
          [
            [
              80.43940704859888,
              16.32208525711407
            ],
            [
              80.43940704859888,
              16.322167743297268
            ],
            [
              80.43949947622151,
              16.322167743297268
            ],
            [
              80.43949947622151,
              16.32208525711407
            ],
            [
              80.43940704859888,
              16.32208525711407
            ]
          ]
        ]
      }
    },
    {
      "type": "Feature",
      "properties": {
        "id": 323,
        "building": "yes",
        "source": "synthetic_osm_like",
        "note": "Replace with real OSM data via Overpass API for production"
      },
      "geometry": {
        "type": "Polygon",
        "coordinates": [
          [
            [
              80.44029624746405,
              16.311988653634305
            ],
            [
              80.44029624746405,
              16.312156719748128
            ],
            [
              80.44045172494278,
              16.312156719748128
            ],
            [
              80.44045172494278,
              16.311988653634305
            ],
            [
              80.44029624746405,
              16.311988653634305
            ]
          ]
        ]
      }
    },
    {
      "type": "Feature",
      "properties": {
        "id": 324,
        "building": "yes",
        "source": "synthetic_osm_like",
        "note": "Replace with real OSM data via Overpass API for production"
      },
      "geometry": {
        "type": "Polygon",
        "coordinates": [
          [
            [
              80.4347321965097,
              16.31189845844744
            ],
            [
              80.4347321965097,
              16.312000660773446
            ],
            [
              80.43499313190937,
              16.312000660773446
            ],
            [
              80.43499313190937,
              16.31189845844744
            ],
            [
              80.4347321965097,
              16.31189845844744
            ]
          ]
        ]
      }
    },
    {
      "type": "Feature",
      "properties": {
        "id": 325,
        "building": "yes",
        "source": "synthetic_osm_like",
        "note": "Replace with real OSM data via Overpass API for production"
      },
      "geometry": {
        "type": "Polygon",
        "coordinates": [
          [
            [
              80.45628460505951,
              16.30409253064632
            ],
            [
              80.45628460505951,
              16.304201951171226
            ],
            [
              80.4563717365307,
              16.304201951171226
            ],
            [
              80.4563717365307,
              16.30409253064632
            ],
            [
              80.45628460505951,
              16.30409253064632
            ]
          ]
        ]
      }
    },
    {
      "type": "Feature",
      "properties": {
        "id": 326,
        "building": "yes",
        "source": "synthetic_osm_like",
        "note": "Replace with real OSM data via Overpass API for production"
      },
      "geometry": {
        "type": "Polygon",
        "coordinates": [
          [
            [
              80.43069147241619,
              16.282956871669338
            ],
            [
              80.43069147241619,
              16.283034431624127
            ],
            [
              80.43085329757267,
              16.283034431624127
            ],
            [
              80.43085329757267,
              16.282956871669338
            ],
            [
              80.43069147241619,
              16.282956871669338
            ]
          ]
        ]
      }
    },
    {
      "type": "Feature",
      "properties": {
        "id": 327,
        "building": "yes",
        "source": "synthetic_osm_like",
        "note": "Replace with real OSM data via Overpass API for production"
      },
      "geometry": {
        "type": "Polygon",
        "coordinates": [
          [
            [
              80.45013830272048,
              16.29553125340758
            ],
            [
              80.45013830272048,
              16.29572699651711
            ],
            [
              80.45043250119527,
              16.29572699651711
            ],
            [
              80.45043250119527,
              16.29553125340758
            ],
            [
              80.45013830272048,
              16.29553125340758
            ]
          ]
        ]
      }
    },
    {
      "type": "Feature",
      "properties": {
        "id": 328,
        "building": "yes",
        "source": "synthetic_osm_like",
        "note": "Replace with real OSM data via Overpass API for production"
      },
      "geometry": {
        "type": "Polygon",
        "coordinates": [
          [
            [
              80.42586244941923,
              16.28648891644874
            ],
            [
              80.42586244941923,
              16.286587698706498
            ],
            [
              80.42601317830783,
              16.286587698706498
            ],
            [
              80.42601317830783,
              16.28648891644874
            ],
            [
              80.42586244941923,
              16.28648891644874
            ]
          ]
        ]
      }
    },
    {
      "type": "Feature",
      "properties": {
        "id": 329,
        "building": "yes",
        "source": "synthetic_osm_like",
        "note": "Replace with real OSM data via Overpass API for production"
      },
      "geometry": {
        "type": "Polygon",
        "coordinates": [
          [
            [
              80.41732182740978,
              16.293350683138915
            ],
            [
              80.41732182740978,
              16.293396484306502
            ],
            [
              80.41738681614382,
              16.293396484306502
            ],
            [
              80.41738681614382,
              16.293350683138915
            ],
            [
              80.41732182740978,
              16.293350683138915
            ]
          ]
        ]
      }
    },
    {
      "type": "Feature",
      "properties": {
        "id": 330,
        "building": "yes",
        "source": "synthetic_osm_like",
        "note": "Replace with real OSM data via Overpass API for production"
      },
      "geometry": {
        "type": "Polygon",
        "coordinates": [
          [
            [
              80.4172955210013,
              16.310715597215793
            ],
            [
              80.4172955210013,
              16.3108221472006
            ],
            [
              80.41746231825208,
              16.3108221472006
            ],
            [
              80.41746231825208,
              16.310715597215793
            ],
            [
              80.4172955210013,
              16.310715597215793
            ]
          ]
        ]
      }
    },
    {
      "type": "Feature",
      "properties": {
        "id": 331,
        "building": "yes",
        "source": "synthetic_osm_like",
        "note": "Replace with real OSM data via Overpass API for production"
      },
      "geometry": {
        "type": "Polygon",
        "coordinates": [
          [
            [
              80.42179213329422,
              16.30881060820842
            ],
            [
              80.42179213329422,
              16.308958095580937
            ],
            [
              80.42198795562652,
              16.308958095580937
            ],
            [
              80.42198795562652,
              16.30881060820842
            ],
            [
              80.42179213329422,
              16.30881060820842
            ]
          ]
        ]
      }
    },
    {
      "type": "Feature",
      "properties": {
        "id": 332,
        "building": "yes",
        "source": "synthetic_osm_like",
        "note": "Replace with real OSM data via Overpass API for production"
      },
      "geometry": {
        "type": "Polygon",
        "coordinates": [
          [
            [
              80.42156634717591,
              16.304903272020596
            ],
            [
              80.42156634717591,
              16.30497269881917
            ],
            [
              80.42162932031172,
              16.30497269881917
            ],
            [
              80.42162932031172,
              16.304903272020596
            ],
            [
              80.42156634717591,
              16.304903272020596
            ]
          ]
        ]
      }
    },
    {
      "type": "Feature",
      "properties": {
        "id": 333,
        "building": "yes",
        "source": "synthetic_osm_like",
        "note": "Replace with real OSM data via Overpass API for production"
      },
      "geometry": {
        "type": "Polygon",
        "coordinates": [
          [
            [
              80.41500025774968,
              16.32830887811809
            ],
            [
              80.41500025774968,
              16.328359784937152
            ],
            [
              80.415119961404,
              16.328359784937152
            ],
            [
              80.415119961404,
              16.32830887811809
            ],
            [
              80.41500025774968,
              16.32830887811809
            ]
          ]
        ]
      }
    },
    {
      "type": "Feature",
      "properties": {
        "id": 334,
        "building": "yes",
        "source": "synthetic_osm_like",
        "note": "Replace with real OSM data via Overpass API for production"
      },
      "geometry": {
        "type": "Polygon",
        "coordinates": [
          [
            [
              80.44569826457077,
              16.32406082375862
            ],
            [
              80.44569826457077,
              16.324173123878197
            ],
            [
              80.44589814059377,
              16.324173123878197
            ],
            [
              80.44589814059377,
              16.32406082375862
            ],
            [
              80.44569826457077,
              16.32406082375862
            ]
          ]
        ]
      }
    },
    {
      "type": "Feature",
      "properties": {
        "id": 335,
        "building": "yes",
        "source": "synthetic_osm_like",
        "note": "Replace with real OSM data via Overpass API for production"
      },
      "geometry": {
        "type": "Polygon",
        "coordinates": [
          [
            [
              80.4616937931866,
              16.301456057558177
            ],
            [
              80.4616937931866,
              16.301636719376575
            ],
            [
              80.461850009142,
              16.301636719376575
            ],
            [
              80.461850009142,
              16.301456057558177
            ],
            [
              80.4616937931866,
              16.301456057558177
            ]
          ]
        ]
      }
    },
    {
      "type": "Feature",
      "properties": {
        "id": 336,
        "building": "yes",
        "source": "synthetic_osm_like",
        "note": "Replace with real OSM data via Overpass API for production"
      },
      "geometry": {
        "type": "Polygon",
        "coordinates": [
          [
            [
              80.43989709618397,
              16.299991615428954
            ],
            [
              80.43989709618397,
              16.30006654667252
            ],
            [
              80.43994233395937,
              16.30006654667252
            ],
            [
              80.43994233395937,
              16.299991615428954
            ],
            [
              80.43989709618397,
              16.299991615428954
            ]
          ]
        ]
      }
    },
    {
      "type": "Feature",
      "properties": {
        "id": 337,
        "building": "yes",
        "source": "synthetic_osm_like",
        "note": "Replace with real OSM data via Overpass API for production"
      },
      "geometry": {
        "type": "Polygon",
        "coordinates": [
          [
            [
              80.45344285008886,
              16.3051512718056
            ],
            [
              80.45344285008886,
              16.30527428110672
            ],
            [
              80.45357372597016,
              16.30527428110672
            ],
            [
              80.45357372597016,
              16.3051512718056
            ],
            [
              80.45344285008886,
              16.3051512718056
            ]
          ]
        ]
      }
    },
    {
      "type": "Feature",
      "properties": {
        "id": 338,
        "building": "yes",
        "source": "synthetic_osm_like",
        "note": "Replace with real OSM data via Overpass API for production"
      },
      "geometry": {
        "type": "Polygon",
        "coordinates": [
          [
            [
              80.46820431207273,
              16.28587710569993
            ],
            [
              80.46820431207273,
              16.286003996272427
            ],
            [
              80.4683072820852,
              16.286003996272427
            ],
            [
              80.4683072820852,
              16.28587710569993
            ],
            [
              80.46820431207273,
              16.28587710569993
            ]
          ]
        ]
      }
    },
    {
      "type": "Feature",
      "properties": {
        "id": 339,
        "building": "yes",
        "source": "synthetic_osm_like",
        "note": "Replace with real OSM data via Overpass API for production"
      },
      "geometry": {
        "type": "Polygon",
        "coordinates": [
          [
            [
              80.45280083739529,
              16.32691123215914
            ],
            [
              80.45280083739529,
              16.326983624536396
            ],
            [
              80.45289428672571,
              16.326983624536396
            ],
            [
              80.45289428672571,
              16.32691123215914
            ],
            [
              80.45280083739529,
              16.32691123215914
            ]
          ]
        ]
      }
    },
    {
      "type": "Feature",
      "properties": {
        "id": 340,
        "building": "yes",
        "source": "synthetic_osm_like",
        "note": "Replace with real OSM data via Overpass API for production"
      },
      "geometry": {
        "type": "Polygon",
        "coordinates": [
          [
            [
              80.4095370990315,
              16.282221450558442
            ],
            [
              80.4095370990315,
              16.282308884688266
            ],
            [
              80.40964799326795,
              16.282308884688266
            ],
            [
              80.40964799326795,
              16.282221450558442
            ],
            [
              80.4095370990315,
              16.282221450558442
            ]
          ]
        ]
      }
    },
    {
      "type": "Feature",
      "properties": {
        "id": 341,
        "building": "yes",
        "source": "synthetic_osm_like",
        "note": "Replace with real OSM data via Overpass API for production"
      },
      "geometry": {
        "type": "Polygon",
        "coordinates": [
          [
            [
              80.43605087459193,
              16.310263434557342
            ],
            [
              80.43605087459193,
              16.31036261768304
            ],
            [
              80.43611992790869,
              16.31036261768304
            ],
            [
              80.43611992790869,
              16.310263434557342
            ],
            [
              80.43605087459193,
              16.310263434557342
            ]
          ]
        ]
      }
    },
    {
      "type": "Feature",
      "properties": {
        "id": 342,
        "building": "yes",
        "source": "synthetic_osm_like",
        "note": "Replace with real OSM data via Overpass API for production"
      },
      "geometry": {
        "type": "Polygon",
        "coordinates": [
          [
            [
              80.45167497433675,
              16.329495142150417
            ],
            [
              80.45167497433675,
              16.329566431605695
            ],
            [
              80.45182973614357,
              16.329566431605695
            ],
            [
              80.45182973614357,
              16.329495142150417
            ],
            [
              80.45167497433675,
              16.329495142150417
            ]
          ]
        ]
      }
    },
    {
      "type": "Feature",
      "properties": {
        "id": 343,
        "building": "yes",
        "source": "synthetic_osm_like",
        "note": "Replace with real OSM data via Overpass API for production"
      },
      "geometry": {
        "type": "Polygon",
        "coordinates": [
          [
            [
              80.4495650080297,
              16.306560867345155
            ],
            [
              80.4495650080297,
              16.306673115642432
            ],
            [
              80.44965856487126,
              16.306673115642432
            ],
            [
              80.44965856487126,
              16.306560867345155
            ],
            [
              80.4495650080297,
              16.306560867345155
            ]
          ]
        ]
      }
    },
    {
      "type": "Feature",
      "properties": {
        "id": 344,
        "building": "yes",
        "source": "synthetic_osm_like",
        "note": "Replace with real OSM data via Overpass API for production"
      },
      "geometry": {
        "type": "Polygon",
        "coordinates": [
          [
            [
              80.46849063457977,
              16.313610201259902
            ],
            [
              80.46849063457977,
              16.313770437987397
            ],
            [
              80.46869508978533,
              16.313770437987397
            ],
            [
              80.46869508978533,
              16.313610201259902
            ],
            [
              80.46849063457977,
              16.313610201259902
            ]
          ]
        ]
      }
    },
    {
      "type": "Feature",
      "properties": {
        "id": 345,
        "building": "yes",
        "source": "synthetic_osm_like",
        "note": "Replace with real OSM data via Overpass API for production"
      },
      "geometry": {
        "type": "Polygon",
        "coordinates": [
          [
            [
              80.4017703377376,
              16.314322326225167
            ],
            [
              80.4017703377376,
              16.314482038895108
            ],
            [
              80.40196026395735,
              16.314482038895108
            ],
            [
              80.40196026395735,
              16.314322326225167
            ],
            [
              80.4017703377376,
              16.314322326225167
            ]
          ]
        ]
      }
    },
    {
      "type": "Feature",
      "properties": {
        "id": 346,
        "building": "yes",
        "source": "synthetic_osm_like",
        "note": "Replace with real OSM data via Overpass API for production"
      },
      "geometry": {
        "type": "Polygon",
        "coordinates": [
          [
            [
              80.44037844768422,
              16.31873110510521
            ],
            [
              80.44037844768422,
              16.318885097411997
            ],
            [
              80.44049036773677,
              16.318885097411997
            ],
            [
              80.44049036773677,
              16.31873110510521
            ],
            [
              80.44037844768422,
              16.31873110510521
            ]
          ]
        ]
      }
    },
    {
      "type": "Feature",
      "properties": {
        "id": 347,
        "building": "yes",
        "source": "synthetic_osm_like",
        "note": "Replace with real OSM data via Overpass API for production"
      },
      "geometry": {
        "type": "Polygon",
        "coordinates": [
          [
            [
              80.44325609455181,
              16.31140000355478
            ],
            [
              80.44325609455181,
              16.311502520559756
            ],
            [
              80.44350691821835,
              16.311502520559756
            ],
            [
              80.44350691821835,
              16.31140000355478
            ],
            [
              80.44325609455181,
              16.31140000355478
            ]
          ]
        ]
      }
    },
    {
      "type": "Feature",
      "properties": {
        "id": 348,
        "building": "yes",
        "source": "synthetic_osm_like",
        "note": "Replace with real OSM data via Overpass API for production"
      },
      "geometry": {
        "type": "Polygon",
        "coordinates": [
          [
            [
              80.46634416904209,
              16.28156302925934
            ],
            [
              80.46634416904209,
              16.281594022074877
            ],
            [
              80.46640455486772,
              16.281594022074877
            ],
            [
              80.46640455486772,
              16.28156302925934
            ],
            [
              80.46634416904209,
              16.28156302925934
            ]
          ]
        ]
      }
    },
    {
      "type": "Feature",
      "properties": {
        "id": 349,
        "building": "yes",
        "source": "synthetic_osm_like",
        "note": "Replace with real OSM data via Overpass API for production"
      },
      "geometry": {
        "type": "Polygon",
        "coordinates": [
          [
            [
              80.44823683900063,
              16.28750767879277
            ],
            [
              80.44823683900063,
              16.287635447019163
            ],
            [
              80.44843319752798,
              16.287635447019163
            ],
            [
              80.44843319752798,
              16.28750767879277
            ],
            [
              80.44823683900063,
              16.28750767879277
            ]
          ]
        ]
      }
    },
    {
      "type": "Feature",
      "properties": {
        "id": 350,
        "building": "yes",
        "source": "synthetic_osm_like",
        "note": "Replace with real OSM data via Overpass API for production"
      },
      "geometry": {
        "type": "Polygon",
        "coordinates": [
          [
            [
              80.45148608437898,
              16.323623878073192
            ],
            [
              80.45148608437898,
              16.323657892818034
            ],
            [
              80.45153113359862,
              16.323657892818034
            ],
            [
              80.45153113359862,
              16.323623878073192
            ],
            [
              80.45148608437898,
              16.323623878073192
            ]
          ]
        ]
      }
    },
    {
      "type": "Feature",
      "properties": {
        "id": 351,
        "building": "yes",
        "source": "synthetic_osm_like",
        "note": "Replace with real OSM data via Overpass API for production"
      },
      "geometry": {
        "type": "Polygon",
        "coordinates": [
          [
            [
              80.44631007464072,
              16.296205392239823
            ],
            [
              80.44631007464072,
              16.296299561202783
            ],
            [
              80.44640167731929,
              16.296299561202783
            ],
            [
              80.44640167731929,
              16.296205392239823
            ],
            [
              80.44631007464072,
              16.296205392239823
            ]
          ]
        ]
      }
    },
    {
      "type": "Feature",
      "properties": {
        "id": 352,
        "building": "yes",
        "source": "synthetic_osm_like",
        "note": "Replace with real OSM data via Overpass API for production"
      },
      "geometry": {
        "type": "Polygon",
        "coordinates": [
          [
            [
              80.42388655187094,
              16.325547280223823
            ],
            [
              80.42388655187094,
              16.325665135868576
            ],
            [
              80.42403923060454,
              16.325665135868576
            ],
            [
              80.42403923060454,
              16.325547280223823
            ],
            [
              80.42388655187094,
              16.325547280223823
            ]
          ]
        ]
      }
    },
    {
      "type": "Feature",
      "properties": {
        "id": 353,
        "building": "yes",
        "source": "synthetic_osm_like",
        "note": "Replace with real OSM data via Overpass API for production"
      },
      "geometry": {
        "type": "Polygon",
        "coordinates": [
          [
            [
              80.44847432923211,
              16.312121454222044
            ],
            [
              80.44847432923211,
              16.312209455777904
            ],
            [
              80.44858953417207,
              16.312209455777904
            ],
            [
              80.44858953417207,
              16.312121454222044
            ],
            [
              80.44847432923211,
              16.312121454222044
            ]
          ]
        ]
      }
    },
    {
      "type": "Feature",
      "properties": {
        "id": 354,
        "building": "yes",
        "source": "synthetic_osm_like",
        "note": "Replace with real OSM data via Overpass API for production"
      },
      "geometry": {
        "type": "Polygon",
        "coordinates": [
          [
            [
              80.41565509459292,
              16.307834137660137
            ],
            [
              80.41565509459292,
              16.307974527420605
            ],
            [
              80.41582629072607,
              16.307974527420605
            ],
            [
              80.41582629072607,
              16.307834137660137
            ],
            [
              80.41565509459292,
              16.307834137660137
            ]
          ]
        ]
      }
    },
    {
      "type": "Feature",
      "properties": {
        "id": 355,
        "building": "yes",
        "source": "synthetic_osm_like",
        "note": "Replace with real OSM data via Overpass API for production"
      },
      "geometry": {
        "type": "Polygon",
        "coordinates": [
          [
            [
              80.44926241684695,
              16.290326696993308
            ],
            [
              80.44926241684695,
              16.290401082492156
            ],
            [
              80.44943593951669,
              16.290401082492156
            ],
            [
              80.44943593951669,
              16.290326696993308
            ],
            [
              80.44926241684695,
              16.290326696993308
            ]
          ]
        ]
      }
    },
    {
      "type": "Feature",
      "properties": {
        "id": 356,
        "building": "yes",
        "source": "synthetic_osm_like",
        "note": "Replace with real OSM data via Overpass API for production"
      },
      "geometry": {
        "type": "Polygon",
        "coordinates": [
          [
            [
              80.41910784886221,
              16.31973418215518
            ],
            [
              80.41910784886221,
              16.319806353445053
            ],
            [
              80.41917620628357,
              16.319806353445053
            ],
            [
              80.41917620628357,
              16.31973418215518
            ],
            [
              80.41910784886221,
              16.31973418215518
            ]
          ]
        ]
      }
    },
    {
      "type": "Feature",
      "properties": {
        "id": 357,
        "building": "yes",
        "source": "synthetic_osm_like",
        "note": "Replace with real OSM data via Overpass API for production"
      },
      "geometry": {
        "type": "Polygon",
        "coordinates": [
          [
            [
              80.45720181789152,
              16.328894821481832
            ],
            [
              80.45720181789152,
              16.3291212322503
            ],
            [
              80.45737102652676,
              16.3291212322503
            ],
            [
              80.45737102652676,
              16.328894821481832
            ],
            [
              80.45720181789152,
              16.328894821481832
            ]
          ]
        ]
      }
    },
    {
      "type": "Feature",
      "properties": {
        "id": 358,
        "building": "yes",
        "source": "synthetic_osm_like",
        "note": "Replace with real OSM data via Overpass API for production"
      },
      "geometry": {
        "type": "Polygon",
        "coordinates": [
          [
            [
              80.44994768287569,
              16.294338362431567
            ],
            [
              80.44994768287569,
              16.29442467172985
            ],
            [
              80.45003209737408,
              16.29442467172985
            ],
            [
              80.45003209737408,
              16.294338362431567
            ],
            [
              80.44994768287569,
              16.294338362431567
            ]
          ]
        ]
      }
    },
    {
      "type": "Feature",
      "properties": {
        "id": 359,
        "building": "yes",
        "source": "synthetic_osm_like",
        "note": "Replace with real OSM data via Overpass API for production"
      },
      "geometry": {
        "type": "Polygon",
        "coordinates": [
          [
            [
              80.41405024445906,
              16.303869782206284
            ],
            [
              80.41405024445906,
              16.304038144095365
            ],
            [
              80.41423927654903,
              16.304038144095365
            ],
            [
              80.41423927654903,
              16.303869782206284
            ],
            [
              80.41405024445906,
              16.303869782206284
            ]
          ]
        ]
      }
    },
    {
      "type": "Feature",
      "properties": {
        "id": 360,
        "building": "yes",
        "source": "synthetic_osm_like",
        "note": "Replace with real OSM data via Overpass API for production"
      },
      "geometry": {
        "type": "Polygon",
        "coordinates": [
          [
            [
              80.44300020598436,
              16.28681761941852
            ],
            [
              80.44300020598436,
              16.286909676061576
            ],
            [
              80.44319457883367,
              16.286909676061576
            ],
            [
              80.44319457883367,
              16.28681761941852
            ],
            [
              80.44300020598436,
              16.28681761941852
            ]
          ]
        ]
      }
    },
    {
      "type": "Feature",
      "properties": {
        "id": 361,
        "building": "yes",
        "source": "synthetic_osm_like",
        "note": "Replace with real OSM data via Overpass API for production"
      },
      "geometry": {
        "type": "Polygon",
        "coordinates": [
          [
            [
              80.44461343510591,
              16.30652833387478
            ],
            [
              80.44461343510591,
              16.306575815098498
            ],
            [
              80.4446988051713,
              16.306575815098498
            ],
            [
              80.4446988051713,
              16.30652833387478
            ],
            [
              80.44461343510591,
              16.30652833387478
            ]
          ]
        ]
      }
    },
    {
      "type": "Feature",
      "properties": {
        "id": 362,
        "building": "yes",
        "source": "synthetic_osm_like",
        "note": "Replace with real OSM data via Overpass API for production"
      },
      "geometry": {
        "type": "Polygon",
        "coordinates": [
          [
            [
              80.45390863064834,
              16.285003289983695
            ],
            [
              80.45390863064834,
              16.285051200494042
            ],
            [
              80.45399861748542,
              16.285051200494042
            ],
            [
              80.45399861748542,
              16.285003289983695
            ],
            [
              80.45390863064834,
              16.285003289983695
            ]
          ]
        ]
      }
    },
    {
      "type": "Feature",
      "properties": {
        "id": 363,
        "building": "yes",
        "source": "synthetic_osm_like",
        "note": "Replace with real OSM data via Overpass API for production"
      },
      "geometry": {
        "type": "Polygon",
        "coordinates": [
          [
            [
              80.46538427031241,
              16.30026557515209
            ],
            [
              80.46538427031241,
              16.300425170002597
            ],
            [
              80.46552022349105,
              16.300425170002597
            ],
            [
              80.46552022349105,
              16.30026557515209
            ],
            [
              80.46538427031241,
              16.30026557515209
            ]
          ]
        ]
      }
    },
    {
      "type": "Feature",
      "properties": {
        "id": 364,
        "building": "yes",
        "source": "synthetic_osm_like",
        "note": "Replace with real OSM data via Overpass API for production"
      },
      "geometry": {
        "type": "Polygon",
        "coordinates": [
          [
            [
              80.42243814051523,
              16.328102814601543
            ],
            [
              80.42243814051523,
              16.328288589287546
            ],
            [
              80.42252533778145,
              16.328288589287546
            ],
            [
              80.42252533778145,
              16.328102814601543
            ],
            [
              80.42243814051523,
              16.328102814601543
            ]
          ]
        ]
      }
    },
    {
      "type": "Feature",
      "properties": {
        "id": 365,
        "building": "yes",
        "source": "synthetic_osm_like",
        "note": "Replace with real OSM data via Overpass API for production"
      },
      "geometry": {
        "type": "Polygon",
        "coordinates": [
          [
            [
              80.43732199047167,
              16.308604410372148
            ],
            [
              80.43732199047167,
              16.30880892494539
            ],
            [
              80.43759932829343,
              16.30880892494539
            ],
            [
              80.43759932829343,
              16.308604410372148
            ],
            [
              80.43732199047167,
              16.308604410372148
            ]
          ]
        ]
      }
    },
    {
      "type": "Feature",
      "properties": {
        "id": 366,
        "building": "yes",
        "source": "synthetic_osm_like",
        "note": "Replace with real OSM data via Overpass API for production"
      },
      "geometry": {
        "type": "Polygon",
        "coordinates": [
          [
            [
              80.46168582838673,
              16.288704543523462
            ],
            [
              80.46168582838673,
              16.288801934024637
            ],
            [
              80.46182846785634,
              16.288801934024637
            ],
            [
              80.46182846785634,
              16.288704543523462
            ],
            [
              80.46168582838673,
              16.288704543523462
            ]
          ]
        ]
      }
    },
    {
      "type": "Feature",
      "properties": {
        "id": 367,
        "building": "yes",
        "source": "synthetic_osm_like",
        "note": "Replace with real OSM data via Overpass API for production"
      },
      "geometry": {
        "type": "Polygon",
        "coordinates": [
          [
            [
              80.43450847588872,
              16.299724628406473
            ],
            [
              80.43450847588872,
              16.29997482902136
            ],
            [
              80.43484526973634,
              16.29997482902136
            ],
            [
              80.43484526973634,
              16.299724628406473
            ],
            [
              80.43450847588872,
              16.299724628406473
            ]
          ]
        ]
      }
    },
    {
      "type": "Feature",
      "properties": {
        "id": 368,
        "building": "yes",
        "source": "synthetic_osm_like",
        "note": "Replace with real OSM data via Overpass API for production"
      },
      "geometry": {
        "type": "Polygon",
        "coordinates": [
          [
            [
              80.4005237679842,
              16.32380028111427
            ],
            [
              80.4005237679842,
              16.323874035677523
            ],
            [
              80.40077363560303,
              16.323874035677523
            ],
            [
              80.40077363560303,
              16.32380028111427
            ],
            [
              80.4005237679842,
              16.32380028111427
            ]
          ]
        ]
      }
    },
    {
      "type": "Feature",
      "properties": {
        "id": 369,
        "building": "yes",
        "source": "synthetic_osm_like",
        "note": "Replace with real OSM data via Overpass API for production"
      },
      "geometry": {
        "type": "Polygon",
        "coordinates": [
          [
            [
              80.4691195671289,
              16.294169380414036
            ],
            [
              80.4691195671289,
              16.294286784820972
            ],
            [
              80.46935435868352,
              16.294286784820972
            ],
            [
              80.46935435868352,
              16.294169380414036
            ],
            [
              80.4691195671289,
              16.294169380414036
            ]
          ]
        ]
      }
    },
    {
      "type": "Feature",
      "properties": {
        "id": 370,
        "building": "yes",
        "source": "synthetic_osm_like",
        "note": "Replace with real OSM data via Overpass API for production"
      },
      "geometry": {
        "type": "Polygon",
        "coordinates": [
          [
            [
              80.43273398234581,
              16.322531269748765
            ],
            [
              80.43273398234581,
              16.32257470410903
            ],
            [
              80.43278892531507,
              16.32257470410903
            ],
            [
              80.43278892531507,
              16.322531269748765
            ],
            [
              80.43273398234581,
              16.322531269748765
            ]
          ]
        ]
      }
    },
    {
      "type": "Feature",
      "properties": {
        "id": 371,
        "building": "yes",
        "source": "synthetic_osm_like",
        "note": "Replace with real OSM data via Overpass API for production"
      },
      "geometry": {
        "type": "Polygon",
        "coordinates": [
          [
            [
              80.41794704932322,
              16.302902438670227
            ],
            [
              80.41794704932322,
              16.302989008433006
            ],
            [
              80.41807003390893,
              16.302989008433006
            ],
            [
              80.41807003390893,
              16.302902438670227
            ],
            [
              80.41794704932322,
              16.302902438670227
            ]
          ]
        ]
      }
    },
    {
      "type": "Feature",
      "properties": {
        "id": 372,
        "building": "yes",
        "source": "synthetic_osm_like",
        "note": "Replace with real OSM data via Overpass API for production"
      },
      "geometry": {
        "type": "Polygon",
        "coordinates": [
          [
            [
              80.45294387150365,
              16.30834257044224
            ],
            [
              80.45294387150365,
              16.308435551799857
            ],
            [
              80.45307571353241,
              16.308435551799857
            ],
            [
              80.45307571353241,
              16.30834257044224
            ],
            [
              80.45294387150365,
              16.30834257044224
            ]
          ]
        ]
      }
    },
    {
      "type": "Feature",
      "properties": {
        "id": 373,
        "building": "yes",
        "source": "synthetic_osm_like",
        "note": "Replace with real OSM data via Overpass API for production"
      },
      "geometry": {
        "type": "Polygon",
        "coordinates": [
          [
            [
              80.43604672731418,
              16.321316399461157
            ],
            [
              80.43604672731418,
              16.32138258306647
            ],
            [
              80.43609256494021,
              16.32138258306647
            ],
            [
              80.43609256494021,
              16.321316399461157
            ],
            [
              80.43604672731418,
              16.321316399461157
            ]
          ]
        ]
      }
    },
    {
      "type": "Feature",
      "properties": {
        "id": 374,
        "building": "yes",
        "source": "synthetic_osm_like",
        "note": "Replace with real OSM data via Overpass API for production"
      },
      "geometry": {
        "type": "Polygon",
        "coordinates": [
          [
            [
              80.42261729687823,
              16.28700079417282
            ],
            [
              80.42261729687823,
              16.28706039339061
            ],
            [
              80.4226869369337,
              16.28706039339061
            ],
            [
              80.4226869369337,
              16.28700079417282
            ],
            [
              80.42261729687823,
              16.28700079417282
            ]
          ]
        ]
      }
    },
    {
      "type": "Feature",
      "properties": {
        "id": 375,
        "building": "yes",
        "source": "synthetic_osm_like",
        "note": "Replace with real OSM data via Overpass API for production"
      },
      "geometry": {
        "type": "Polygon",
        "coordinates": [
          [
            [
              80.4667593739207,
              16.31763549214252
            ],
            [
              80.4667593739207,
              16.317740173035624
            ],
            [
              80.466805501251,
              16.317740173035624
            ],
            [
              80.466805501251,
              16.31763549214252
            ],
            [
              80.4667593739207,
              16.31763549214252
            ]
          ]
        ]
      }
    },
    {
      "type": "Feature",
      "properties": {
        "id": 376,
        "building": "yes",
        "source": "synthetic_osm_like",
        "note": "Replace with real OSM data via Overpass API for production"
      },
      "geometry": {
        "type": "Polygon",
        "coordinates": [
          [
            [
              80.44846714507952,
              16.312667696801576
            ],
            [
              80.44846714507952,
              16.312700639905444
            ],
            [
              80.44852045757966,
              16.312700639905444
            ],
            [
              80.44852045757966,
              16.312667696801576
            ],
            [
              80.44846714507952,
              16.312667696801576
            ]
          ]
        ]
      }
    },
    {
      "type": "Feature",
      "properties": {
        "id": 377,
        "building": "yes",
        "source": "synthetic_osm_like",
        "note": "Replace with real OSM data via Overpass API for production"
      },
      "geometry": {
        "type": "Polygon",
        "coordinates": [
          [
            [
              80.43509309354101,
              16.300171218380434
            ],
            [
              80.43509309354101,
              16.300370442916403
            ],
            [
              80.43525977243237,
              16.300370442916403
            ],
            [
              80.43525977243237,
              16.300171218380434
            ],
            [
              80.43509309354101,
              16.300171218380434
            ]
          ]
        ]
      }
    },
    {
      "type": "Feature",
      "properties": {
        "id": 378,
        "building": "yes",
        "source": "synthetic_osm_like",
        "note": "Replace with real OSM data via Overpass API for production"
      },
      "geometry": {
        "type": "Polygon",
        "coordinates": [
          [
            [
              80.4640925773506,
              16.285823599125244
            ],
            [
              80.4640925773506,
              16.285917975459235
            ],
            [
              80.46416567666849,
              16.285917975459235
            ],
            [
              80.46416567666849,
              16.285823599125244
            ],
            [
              80.4640925773506,
              16.285823599125244
            ]
          ]
        ]
      }
    },
    {
      "type": "Feature",
      "properties": {
        "id": 379,
        "building": "yes",
        "source": "synthetic_osm_like",
        "note": "Replace with real OSM data via Overpass API for production"
      },
      "geometry": {
        "type": "Polygon",
        "coordinates": [
          [
            [
              80.41063771775067,
              16.28659790242405
            ],
            [
              80.41063771775067,
              16.286758975795635
            ],
            [
              80.41080826130583,
              16.286758975795635
            ],
            [
              80.41080826130583,
              16.28659790242405
            ],
            [
              80.41063771775067,
              16.28659790242405
            ]
          ]
        ]
      }
    },
    {
      "type": "Feature",
      "properties": {
        "id": 380,
        "building": "yes",
        "source": "synthetic_osm_like",
        "note": "Replace with real OSM data via Overpass API for production"
      },
      "geometry": {
        "type": "Polygon",
        "coordinates": [
          [
            [
              80.43290737185357,
              16.307393425528655
            ],
            [
              80.43290737185357,
              16.307530025353177
            ],
            [
              80.43300855890952,
              16.307530025353177
            ],
            [
              80.43300855890952,
              16.307393425528655
            ],
            [
              80.43290737185357,
              16.307393425528655
            ]
          ]
        ]
      }
    },
    {
      "type": "Feature",
      "properties": {
        "id": 381,
        "building": "yes",
        "source": "synthetic_osm_like",
        "note": "Replace with real OSM data via Overpass API for production"
      },
      "geometry": {
        "type": "Polygon",
        "coordinates": [
          [
            [
              80.45273267727664,
              16.292325974834124
            ],
            [
              80.45273267727664,
              16.292420568096734
            ],
            [
              80.45293085968483,
              16.292420568096734
            ],
            [
              80.45293085968483,
              16.292325974834124
            ],
            [
              80.45273267727664,
              16.292325974834124
            ]
          ]
        ]
      }
    },
    {
      "type": "Feature",
      "properties": {
        "id": 382,
        "building": "yes",
        "source": "synthetic_osm_like",
        "note": "Replace with real OSM data via Overpass API for production"
      },
      "geometry": {
        "type": "Polygon",
        "coordinates": [
          [
            [
              80.40538393127238,
              16.315154338035384
            ],
            [
              80.40538393127238,
              16.3152222744802
            ],
            [
              80.40555044982827,
              16.3152222744802
            ],
            [
              80.40555044982827,
              16.315154338035384
            ],
            [
              80.40538393127238,
              16.315154338035384
            ]
          ]
        ]
      }
    },
    {
      "type": "Feature",
      "properties": {
        "id": 383,
        "building": "yes",
        "source": "synthetic_osm_like",
        "note": "Replace with real OSM data via Overpass API for production"
      },
      "geometry": {
        "type": "Polygon",
        "coordinates": [
          [
            [
              80.44004568473252,
              16.305247394400077
            ],
            [
              80.44004568473252,
              16.305301311209185
            ],
            [
              80.44013254965938,
              16.305301311209185
            ],
            [
              80.44013254965938,
              16.305247394400077
            ],
            [
              80.44004568473252,
              16.305247394400077
            ]
          ]
        ]
      }
    },
    {
      "type": "Feature",
      "properties": {
        "id": 384,
        "building": "yes",
        "source": "synthetic_osm_like",
        "note": "Replace with real OSM data via Overpass API for production"
      },
      "geometry": {
        "type": "Polygon",
        "coordinates": [
          [
            [
              80.41429669342749,
              16.285775512598892
            ],
            [
              80.41429669342749,
              16.28584848961958
            ],
            [
              80.41445951454803,
              16.28584848961958
            ],
            [
              80.41445951454803,
              16.285775512598892
            ],
            [
              80.41429669342749,
              16.285775512598892
            ]
          ]
        ]
      }
    },
    {
      "type": "Feature",
      "properties": {
        "id": 385,
        "building": "yes",
        "source": "synthetic_osm_like",
        "note": "Replace with real OSM data via Overpass API for production"
      },
      "geometry": {
        "type": "Polygon",
        "coordinates": [
          [
            [
              80.43170539801353,
              16.32038003124434
            ],
            [
              80.43170539801353,
              16.320489177073384
            ],
            [
              80.43177512401165,
              16.320489177073384
            ],
            [
              80.43177512401165,
              16.32038003124434
            ],
            [
              80.43170539801353,
              16.32038003124434
            ]
          ]
        ]
      }
    },
    {
      "type": "Feature",
      "properties": {
        "id": 386,
        "building": "yes",
        "source": "synthetic_osm_like",
        "note": "Replace with real OSM data via Overpass API for production"
      },
      "geometry": {
        "type": "Polygon",
        "coordinates": [
          [
            [
              80.45635615526943,
              16.303055134872974
            ],
            [
              80.45635615526943,
              16.303182695700915
            ],
            [
              80.45661199408819,
              16.303182695700915
            ],
            [
              80.45661199408819,
              16.303055134872974
            ],
            [
              80.45635615526943,
              16.303055134872974
            ]
          ]
        ]
      }
    },
    {
      "type": "Feature",
      "properties": {
        "id": 387,
        "building": "yes",
        "source": "synthetic_osm_like",
        "note": "Replace with real OSM data via Overpass API for production"
      },
      "geometry": {
        "type": "Polygon",
        "coordinates": [
          [
            [
              80.44046595661257,
              16.31726868096642
            ],
            [
              80.44046595661257,
              16.31731176731676
            ],
            [
              80.4404976204957,
              16.31731176731676
            ],
            [
              80.4404976204957,
              16.31726868096642
            ],
            [
              80.44046595661257,
              16.31726868096642
            ]
          ]
        ]
      }
    },
    {
      "type": "Feature",
      "properties": {
        "id": 388,
        "building": "yes",
        "source": "synthetic_osm_like",
        "note": "Replace with real OSM data via Overpass API for production"
      },
      "geometry": {
        "type": "Polygon",
        "coordinates": [
          [
            [
              80.46540532761492,
              16.329667316480144
            ],
            [
              80.46540532761492,
              16.329745049567546
            ],
            [
              80.46543626422897,
              16.329745049567546
            ],
            [
              80.46543626422897,
              16.329667316480144
            ],
            [
              80.46540532761492,
              16.329667316480144
            ]
          ]
        ]
      }
    },
    {
      "type": "Feature",
      "properties": {
        "id": 389,
        "building": "yes",
        "source": "synthetic_osm_like",
        "note": "Replace with real OSM data via Overpass API for production"
      },
      "geometry": {
        "type": "Polygon",
        "coordinates": [
          [
            [
              80.45371471665717,
              16.30033387008086
            ],
            [
              80.45371471665717,
              16.300552823501068
            ],
            [
              80.45394137210451,
              16.300552823501068
            ],
            [
              80.45394137210451,
              16.30033387008086
            ],
            [
              80.45371471665717,
              16.30033387008086
            ]
          ]
        ]
      }
    },
    {
      "type": "Feature",
      "properties": {
        "id": 390,
        "building": "yes",
        "source": "synthetic_osm_like",
        "note": "Replace with real OSM data via Overpass API for production"
      },
      "geometry": {
        "type": "Polygon",
        "coordinates": [
          [
            [
              80.4694064956273,
              16.300952044666463
            ],
            [
              80.4694064956273,
              16.30108414922177
            ],
            [
              80.46959342817404,
              16.30108414922177
            ],
            [
              80.46959342817404,
              16.300952044666463
            ],
            [
              80.4694064956273,
              16.300952044666463
            ]
          ]
        ]
      }
    },
    {
      "type": "Feature",
      "properties": {
        "id": 391,
        "building": "yes",
        "source": "synthetic_osm_like",
        "note": "Replace with real OSM data via Overpass API for production"
      },
      "geometry": {
        "type": "Polygon",
        "coordinates": [
          [
            [
              80.44768772245835,
              16.298712596853985
            ],
            [
              80.44768772245835,
              16.298851956526217
            ],
            [
              80.44789452711585,
              16.298851956526217
            ],
            [
              80.44789452711585,
              16.298712596853985
            ],
            [
              80.44768772245835,
              16.298712596853985
            ]
          ]
        ]
      }
    },
    {
      "type": "Feature",
      "properties": {
        "id": 392,
        "building": "yes",
        "source": "synthetic_osm_like",
        "note": "Replace with real OSM data via Overpass API for production"
      },
      "geometry": {
        "type": "Polygon",
        "coordinates": [
          [
            [
              80.41239587959215,
              16.297328147930077
            ],
            [
              80.41239587959215,
              16.29744884078384
            ],
            [
              80.41259042846842,
              16.29744884078384
            ],
            [
              80.41259042846842,
              16.297328147930077
            ],
            [
              80.41239587959215,
              16.297328147930077
            ]
          ]
        ]
      }
    },
    {
      "type": "Feature",
      "properties": {
        "id": 393,
        "building": "yes",
        "source": "synthetic_osm_like",
        "note": "Replace with real OSM data via Overpass API for production"
      },
      "geometry": {
        "type": "Polygon",
        "coordinates": [
          [
            [
              80.40020538491738,
              16.29111535844204
            ],
            [
              80.40020538491738,
              16.291153663154592
            ],
            [
              80.40028087637491,
              16.291153663154592
            ],
            [
              80.40028087637491,
              16.29111535844204
            ],
            [
              80.40020538491738,
              16.29111535844204
            ]
          ]
        ]
      }
    },
    {
      "type": "Feature",
      "properties": {
        "id": 394,
        "building": "yes",
        "source": "synthetic_osm_like",
        "note": "Replace with real OSM data via Overpass API for production"
      },
      "geometry": {
        "type": "Polygon",
        "coordinates": [
          [
            [
              80.4371525935205,
              16.307164013098497
            ],
            [
              80.4371525935205,
              16.307280520804003
            ],
            [
              80.43731811166904,
              16.307280520804003
            ],
            [
              80.43731811166904,
              16.307164013098497
            ],
            [
              80.4371525935205,
              16.307164013098497
            ]
          ]
        ]
      }
    },
    {
      "type": "Feature",
      "properties": {
        "id": 395,
        "building": "yes",
        "source": "synthetic_osm_like",
        "note": "Replace with real OSM data via Overpass API for production"
      },
      "geometry": {
        "type": "Polygon",
        "coordinates": [
          [
            [
              80.46549137810429,
              16.29373878746428
            ],
            [
              80.46549137810429,
              16.29382618531523
            ],
            [
              80.46574607245462,
              16.29382618531523
            ],
            [
              80.46574607245462,
              16.29373878746428
            ],
            [
              80.46549137810429,
              16.29373878746428
            ]
          ]
        ]
      }
    },
    {
      "type": "Feature",
      "properties": {
        "id": 396,
        "building": "yes",
        "source": "synthetic_osm_like",
        "note": "Replace with real OSM data via Overpass API for production"
      },
      "geometry": {
        "type": "Polygon",
        "coordinates": [
          [
            [
              80.4535546163199,
              16.30091974727193
            ],
            [
              80.4535546163199,
              16.301004312577245
            ],
            [
              80.45369286913206,
              16.301004312577245
            ],
            [
              80.45369286913206,
              16.30091974727193
            ],
            [
              80.4535546163199,
              16.30091974727193
            ]
          ]
        ]
      }
    },
    {
      "type": "Feature",
      "properties": {
        "id": 397,
        "building": "yes",
        "source": "synthetic_osm_like",
        "note": "Replace with real OSM data via Overpass API for production"
      },
      "geometry": {
        "type": "Polygon",
        "coordinates": [
          [
            [
              80.40231289013069,
              16.28496935044673
            ],
            [
              80.40231289013069,
              16.285120320862525
            ],
            [
              80.40238778847491,
              16.285120320862525
            ],
            [
              80.40238778847491,
              16.28496935044673
            ],
            [
              80.40231289013069,
              16.28496935044673
            ]
          ]
        ]
      }
    },
    {
      "type": "Feature",
      "properties": {
        "id": 398,
        "building": "yes",
        "source": "synthetic_osm_like",
        "note": "Replace with real OSM data via Overpass API for production"
      },
      "geometry": {
        "type": "Polygon",
        "coordinates": [
          [
            [
              80.42808701805446,
              16.316999621246627
            ],
            [
              80.42808701805446,
              16.31705448660136
            ],
            [
              80.42823013105907,
              16.31705448660136
            ],
            [
              80.42823013105907,
              16.316999621246627
            ],
            [
              80.42808701805446,
              16.316999621246627
            ]
          ]
        ]
      }
    },
    {
      "type": "Feature",
      "properties": {
        "id": 399,
        "building": "yes",
        "source": "synthetic_osm_like",
        "note": "Replace with real OSM data via Overpass API for production"
      },
      "geometry": {
        "type": "Polygon",
        "coordinates": [
          [
            [
              80.43520290969103,
              16.282767009223413
            ],
            [
              80.43520290969103,
              16.282877394279033
            ],
            [
              80.43534250916072,
              16.282877394279033
            ],
            [
              80.43534250916072,
              16.282767009223413
            ],
            [
              80.43520290969103,
              16.282767009223413
            ]
          ]
        ]
      }
    },
    {
      "type": "Feature",
      "properties": {
        "id": 400,
        "building": "yes",
        "source": "synthetic_osm_like",
        "note": "Replace with real OSM data via Overpass API for production"
      },
      "geometry": {
        "type": "Polygon",
        "coordinates": [
          [
            [
              80.44178697553913,
              16.295889569575763
            ],
            [
              80.44178697553913,
              16.296000800061158
            ],
            [
              80.44192149885968,
              16.296000800061158
            ],
            [
              80.44192149885968,
              16.295889569575763
            ],
            [
              80.44178697553913,
              16.295889569575763
            ]
          ]
        ]
      }
    },
    {
      "type": "Feature",
      "properties": {
        "id": 401,
        "building": "yes",
        "source": "synthetic_osm_like",
        "note": "Replace with real OSM data via Overpass API for production"
      },
      "geometry": {
        "type": "Polygon",
        "coordinates": [
          [
            [
              80.44619185582867,
              16.287133122864127
            ],
            [
              80.44619185582867,
              16.287192920552208
            ],
            [
              80.44623788350482,
              16.287192920552208
            ],
            [
              80.44623788350482,
              16.287133122864127
            ],
            [
              80.44619185582867,
              16.287133122864127
            ]
          ]
        ]
      }
    },
    {
      "type": "Feature",
      "properties": {
        "id": 402,
        "building": "yes",
        "source": "synthetic_osm_like",
        "note": "Replace with real OSM data via Overpass API for production"
      },
      "geometry": {
        "type": "Polygon",
        "coordinates": [
          [
            [
              80.46148026806061,
              16.327331571417222
            ],
            [
              80.46148026806061,
              16.327520454085448
            ],
            [
              80.46167967667434,
              16.327520454085448
            ],
            [
              80.46167967667434,
              16.327331571417222
            ],
            [
              80.46148026806061,
              16.327331571417222
            ]
          ]
        ]
      }
    },
    {
      "type": "Feature",
      "properties": {
        "id": 403,
        "building": "yes",
        "source": "synthetic_osm_like",
        "note": "Replace with real OSM data via Overpass API for production"
      },
      "geometry": {
        "type": "Polygon",
        "coordinates": [
          [
            [
              80.46791008073941,
              16.304680426206925
            ],
            [
              80.46791008073941,
              16.304881652542374
            ],
            [
              80.46821055220869,
              16.304881652542374
            ],
            [
              80.46821055220869,
              16.304680426206925
            ],
            [
              80.46791008073941,
              16.304680426206925
            ]
          ]
        ]
      }
    },
    {
      "type": "Feature",
      "properties": {
        "id": 404,
        "building": "yes",
        "source": "synthetic_osm_like",
        "note": "Replace with real OSM data via Overpass API for production"
      },
      "geometry": {
        "type": "Polygon",
        "coordinates": [
          [
            [
              80.42908745818953,
              16.29590822820927
            ],
            [
              80.42908745818953,
              16.295965217522358
            ],
            [
              80.42919799048947,
              16.295965217522358
            ],
            [
              80.42919799048947,
              16.29590822820927
            ],
            [
              80.42908745818953,
              16.29590822820927
            ]
          ]
        ]
      }
    },
    {
      "type": "Feature",
      "properties": {
        "id": 405,
        "building": "yes",
        "source": "synthetic_osm_like",
        "note": "Replace with real OSM data via Overpass API for production"
      },
      "geometry": {
        "type": "Polygon",
        "coordinates": [
          [
            [
              80.45937781392345,
              16.303624354069434
            ],
            [
              80.45937781392345,
              16.303727527971787
            ],
            [
              80.45952991659294,
              16.303727527971787
            ],
            [
              80.45952991659294,
              16.303624354069434
            ],
            [
              80.45937781392345,
              16.303624354069434
            ]
          ]
        ]
      }
    },
    {
      "type": "Feature",
      "properties": {
        "id": 406,
        "building": "yes",
        "source": "synthetic_osm_like",
        "note": "Replace with real OSM data via Overpass API for production"
      },
      "geometry": {
        "type": "Polygon",
        "coordinates": [
          [
            [
              80.4393029717386,
              16.32564437612423
            ],
            [
              80.4393029717386,
              16.32582974125736
            ],
            [
              80.43943106120356,
              16.32582974125736
            ],
            [
              80.43943106120356,
              16.32564437612423
            ],
            [
              80.4393029717386,
              16.32564437612423
            ]
          ]
        ]
      }
    },
    {
      "type": "Feature",
      "properties": {
        "id": 407,
        "building": "yes",
        "source": "synthetic_osm_like",
        "note": "Replace with real OSM data via Overpass API for production"
      },
      "geometry": {
        "type": "Polygon",
        "coordinates": [
          [
            [
              80.41411176327232,
              16.292049018331955
            ],
            [
              80.41411176327232,
              16.292236833277006
            ],
            [
              80.41435537935611,
              16.292236833277006
            ],
            [
              80.41435537935611,
              16.292049018331955
            ],
            [
              80.41411176327232,
              16.292049018331955
            ]
          ]
        ]
      }
    },
    {
      "type": "Feature",
      "properties": {
        "id": 408,
        "building": "yes",
        "source": "synthetic_osm_like",
        "note": "Replace with real OSM data via Overpass API for production"
      },
      "geometry": {
        "type": "Polygon",
        "coordinates": [
          [
            [
              80.450665394226,
              16.284596079924064
            ],
            [
              80.450665394226,
              16.284650319728627
            ],
            [
              80.45077646549701,
              16.284650319728627
            ],
            [
              80.45077646549701,
              16.284596079924064
            ],
            [
              80.450665394226,
              16.284596079924064
            ]
          ]
        ]
      }
    },
    {
      "type": "Feature",
      "properties": {
        "id": 409,
        "building": "yes",
        "source": "synthetic_osm_like",
        "note": "Replace with real OSM data via Overpass API for production"
      },
      "geometry": {
        "type": "Polygon",
        "coordinates": [
          [
            [
              80.46109535465402,
              16.310101772585444
            ],
            [
              80.46109535465402,
              16.310190431913465
            ],
            [
              80.46121150953451,
              16.310190431913465
            ],
            [
              80.46121150953451,
              16.310101772585444
            ],
            [
              80.46109535465402,
              16.310101772585444
            ]
          ]
        ]
      }
    },
    {
      "type": "Feature",
      "properties": {
        "id": 410,
        "building": "yes",
        "source": "synthetic_osm_like",
        "note": "Replace with real OSM data via Overpass API for production"
      },
      "geometry": {
        "type": "Polygon",
        "coordinates": [
          [
            [
              80.43339416949762,
              16.307875022772183
            ],
            [
              80.43339416949762,
              16.30801002485507
            ],
            [
              80.43372101940831,
              16.30801002485507
            ],
            [
              80.43372101940831,
              16.307875022772183
            ],
            [
              80.43339416949762,
              16.307875022772183
            ]
          ]
        ]
      }
    },
    {
      "type": "Feature",
      "properties": {
        "id": 411,
        "building": "yes",
        "source": "synthetic_osm_like",
        "note": "Replace with real OSM data via Overpass API for production"
      },
      "geometry": {
        "type": "Polygon",
        "coordinates": [
          [
            [
              80.46541939742487,
              16.280712808326587
            ],
            [
              80.46541939742487,
              16.280820562296267
            ],
            [
              80.46578296942344,
              16.280820562296267
            ],
            [
              80.46578296942344,
              16.280712808326587
            ],
            [
              80.46541939742487,
              16.280712808326587
            ]
          ]
        ]
      }
    },
    {
      "type": "Feature",
      "properties": {
        "id": 412,
        "building": "yes",
        "source": "synthetic_osm_like",
        "note": "Replace with real OSM data via Overpass API for production"
      },
      "geometry": {
        "type": "Polygon",
        "coordinates": [
          [
            [
              80.41685825211582,
              16.303901533854482
            ],
            [
              80.41685825211582,
              16.30399055377975
            ],
            [
              80.41710479334259,
              16.30399055377975
            ],
            [
              80.41710479334259,
              16.303901533854482
            ],
            [
              80.41685825211582,
              16.303901533854482
            ]
          ]
        ]
      }
    },
    {
      "type": "Feature",
      "properties": {
        "id": 413,
        "building": "yes",
        "source": "synthetic_osm_like",
        "note": "Replace with real OSM data via Overpass API for production"
      },
      "geometry": {
        "type": "Polygon",
        "coordinates": [
          [
            [
              80.45423390189897,
              16.307554241682073
            ],
            [
              80.45423390189897,
              16.307653687572707
            ],
            [
              80.45433804158996,
              16.307653687572707
            ],
            [
              80.45433804158996,
              16.307554241682073
            ],
            [
              80.45423390189897,
              16.307554241682073
            ]
          ]
        ]
      }
    },
    {
      "type": "Feature",
      "properties": {
        "id": 414,
        "building": "yes",
        "source": "synthetic_osm_like",
        "note": "Replace with real OSM data via Overpass API for production"
      },
      "geometry": {
        "type": "Polygon",
        "coordinates": [
          [
            [
              80.43578218660129,
              16.293044582647685
            ],
            [
              80.43578218660129,
              16.293111580090848
            ],
            [
              80.43601212900204,
              16.293111580090848
            ],
            [
              80.43601212900204,
              16.293044582647685
            ],
            [
              80.43578218660129,
              16.293044582647685
            ]
          ]
        ]
      }
    },
    {
      "type": "Feature",
      "properties": {
        "id": 415,
        "building": "yes",
        "source": "synthetic_osm_like",
        "note": "Replace with real OSM data via Overpass API for production"
      },
      "geometry": {
        "type": "Polygon",
        "coordinates": [
          [
            [
              80.4586830135111,
              16.303401330274745
            ],
            [
              80.4586830135111,
              16.303547711927507
            ],
            [
              80.45887935190781,
              16.303547711927507
            ],
            [
              80.45887935190781,
              16.303401330274745
            ],
            [
              80.4586830135111,
              16.303401330274745
            ]
          ]
        ]
      }
    },
    {
      "type": "Feature",
      "properties": {
        "id": 416,
        "building": "yes",
        "source": "synthetic_osm_like",
        "note": "Replace with real OSM data via Overpass API for production"
      },
      "geometry": {
        "type": "Polygon",
        "coordinates": [
          [
            [
              80.41542519388925,
              16.308101671677374
            ],
            [
              80.41542519388925,
              16.308150801069058
            ],
            [
              80.41555317987503,
              16.308150801069058
            ],
            [
              80.41555317987503,
              16.308101671677374
            ],
            [
              80.41542519388925,
              16.308101671677374
            ]
          ]
        ]
      }
    },
    {
      "type": "Feature",
      "properties": {
        "id": 417,
        "building": "yes",
        "source": "synthetic_osm_like",
        "note": "Replace with real OSM data via Overpass API for production"
      },
      "geometry": {
        "type": "Polygon",
        "coordinates": [
          [
            [
              80.42919398814894,
              16.30892998792733
            ],
            [
              80.42919398814894,
              16.308984304676407
            ],
            [
              80.42926694214879,
              16.308984304676407
            ],
            [
              80.42926694214879,
              16.30892998792733
            ],
            [
              80.42919398814894,
              16.30892998792733
            ]
          ]
        ]
      }
    },
    {
      "type": "Feature",
      "properties": {
        "id": 418,
        "building": "yes",
        "source": "synthetic_osm_like",
        "note": "Replace with real OSM data via Overpass API for production"
      },
      "geometry": {
        "type": "Polygon",
        "coordinates": [
          [
            [
              80.43488965502124,
              16.321589271303658
            ],
            [
              80.43488965502124,
              16.321747000225038
            ],
            [
              80.43501255251047,
              16.321747000225038
            ],
            [
              80.43501255251047,
              16.321589271303658
            ],
            [
              80.43488965502124,
              16.321589271303658
            ]
          ]
        ]
      }
    },
    {
      "type": "Feature",
      "properties": {
        "id": 419,
        "building": "yes",
        "source": "synthetic_osm_like",
        "note": "Replace with real OSM data via Overpass API for production"
      },
      "geometry": {
        "type": "Polygon",
        "coordinates": [
          [
            [
              80.4676040808846,
              16.32101452389222
            ],
            [
              80.4676040808846,
              16.321144670077015
            ],
            [
              80.46770707653044,
              16.321144670077015
            ],
            [
              80.46770707653044,
              16.32101452389222
            ],
            [
              80.4676040808846,
              16.32101452389222
            ]
          ]
        ]
      }
    },
    {
      "type": "Feature",
      "properties": {
        "id": 420,
        "building": "yes",
        "source": "synthetic_osm_like",
        "note": "Replace with real OSM data via Overpass API for production"
      },
      "geometry": {
        "type": "Polygon",
        "coordinates": [
          [
            [
              80.41170988396156,
              16.3196786174088
            ],
            [
              80.41170988396156,
              16.31981893402656
            ],
            [
              80.41198731555887,
              16.31981893402656
            ],
            [
              80.41198731555887,
              16.3196786174088
            ],
            [
              80.41170988396156,
              16.3196786174088
            ]
          ]
        ]
      }
    },
    {
      "type": "Feature",
      "properties": {
        "id": 421,
        "building": "yes",
        "source": "synthetic_osm_like",
        "note": "Replace with real OSM data via Overpass API for production"
      },
      "geometry": {
        "type": "Polygon",
        "coordinates": [
          [
            [
              80.44487794730537,
              16.30709274194448
            ],
            [
              80.44487794730537,
              16.307120943590654
            ],
            [
              80.44497537754017,
              16.307120943590654
            ],
            [
              80.44497537754017,
              16.30709274194448
            ],
            [
              80.44487794730537,
              16.30709274194448
            ]
          ]
        ]
      }
    },
    {
      "type": "Feature",
      "properties": {
        "id": 422,
        "building": "yes",
        "source": "synthetic_osm_like",
        "note": "Replace with real OSM data via Overpass API for production"
      },
      "geometry": {
        "type": "Polygon",
        "coordinates": [
          [
            [
              80.44663916546098,
              16.327191930652774
            ],
            [
              80.44663916546098,
              16.32732688046731
            ],
            [
              80.44691101061407,
              16.32732688046731
            ],
            [
              80.44691101061407,
              16.327191930652774
            ],
            [
              80.44663916546098,
              16.327191930652774
            ]
          ]
        ]
      }
    },
    {
      "type": "Feature",
      "properties": {
        "id": 423,
        "building": "yes",
        "source": "synthetic_osm_like",
        "note": "Replace with real OSM data via Overpass API for production"
      },
      "geometry": {
        "type": "Polygon",
        "coordinates": [
          [
            [
              80.44947639299204,
              16.29154846365421
            ],
            [
              80.44947639299204,
              16.291594875553535
            ],
            [
              80.44952734592644,
              16.291594875553535
            ],
            [
              80.44952734592644,
              16.29154846365421
            ],
            [
              80.44947639299204,
              16.29154846365421
            ]
          ]
        ]
      }
    },
    {
      "type": "Feature",
      "properties": {
        "id": 424,
        "building": "yes",
        "source": "synthetic_osm_like",
        "note": "Replace with real OSM data via Overpass API for production"
      },
      "geometry": {
        "type": "Polygon",
        "coordinates": [
          [
            [
              80.44659069781294,
              16.310828841893027
            ],
            [
              80.44659069781294,
              16.310954681694653
            ],
            [
              80.44675496432454,
              16.310954681694653
            ],
            [
              80.44675496432454,
              16.310828841893027
            ],
            [
              80.44659069781294,
              16.310828841893027
            ]
          ]
        ]
      }
    },
    {
      "type": "Feature",
      "properties": {
        "id": 425,
        "building": "yes",
        "source": "synthetic_osm_like",
        "note": "Replace with real OSM data via Overpass API for production"
      },
      "geometry": {
        "type": "Polygon",
        "coordinates": [
          [
            [
              80.43859295089912,
              16.280306677487726
            ],
            [
              80.43859295089912,
              16.280354558211496
            ],
            [
              80.43863714762846,
              16.280354558211496
            ],
            [
              80.43863714762846,
              16.280306677487726
            ],
            [
              80.43859295089912,
              16.280306677487726
            ]
          ]
        ]
      }
    },
    {
      "type": "Feature",
      "properties": {
        "id": 426,
        "building": "yes",
        "source": "synthetic_osm_like",
        "note": "Replace with real OSM data via Overpass API for production"
      },
      "geometry": {
        "type": "Polygon",
        "coordinates": [
          [
            [
              80.40106240495481,
              16.328783281706677
            ],
            [
              80.40106240495481,
              16.32896465311657
            ],
            [
              80.40133755870954,
              16.32896465311657
            ],
            [
              80.40133755870954,
              16.328783281706677
            ],
            [
              80.40106240495481,
              16.328783281706677
            ]
          ]
        ]
      }
    },
    {
      "type": "Feature",
      "properties": {
        "id": 427,
        "building": "yes",
        "source": "synthetic_osm_like",
        "note": "Replace with real OSM data via Overpass API for production"
      },
      "geometry": {
        "type": "Polygon",
        "coordinates": [
          [
            [
              80.40746738469647,
              16.325469884815174
            ],
            [
              80.40746738469647,
              16.3255074517847
            ],
            [
              80.40751491532077,
              16.3255074517847
            ],
            [
              80.40751491532077,
              16.325469884815174
            ],
            [
              80.40746738469647,
              16.325469884815174
            ]
          ]
        ]
      }
    },
    {
      "type": "Feature",
      "properties": {
        "id": 428,
        "building": "yes",
        "source": "synthetic_osm_like",
        "note": "Replace with real OSM data via Overpass API for production"
      },
      "geometry": {
        "type": "Polygon",
        "coordinates": [
          [
            [
              80.45702033087122,
              16.306286503361314
            ],
            [
              80.45702033087122,
              16.306359095178706
            ],
            [
              80.45710968382863,
              16.306359095178706
            ],
            [
              80.45710968382863,
              16.306286503361314
            ],
            [
              80.45702033087122,
              16.306286503361314
            ]
          ]
        ]
      }
    },
    {
      "type": "Feature",
      "properties": {
        "id": 429,
        "building": "yes",
        "source": "synthetic_osm_like",
        "note": "Replace with real OSM data via Overpass API for production"
      },
      "geometry": {
        "type": "Polygon",
        "coordinates": [
          [
            [
              80.43940836994852,
              16.300236643563764
            ],
            [
              80.43940836994852,
              16.300366097423627
            ],
            [
              80.4396919355942,
              16.300366097423627
            ],
            [
              80.4396919355942,
              16.300236643563764
            ],
            [
              80.43940836994852,
              16.300236643563764
            ]
          ]
        ]
      }
    },
    {
      "type": "Feature",
      "properties": {
        "id": 430,
        "building": "yes",
        "source": "synthetic_osm_like",
        "note": "Replace with real OSM data via Overpass API for production"
      },
      "geometry": {
        "type": "Polygon",
        "coordinates": [
          [
            [
              80.44570794316745,
              16.322292236974164
            ],
            [
              80.44570794316745,
              16.322494473228986
            ],
            [
              80.44581505757084,
              16.322494473228986
            ],
            [
              80.44581505757084,
              16.322292236974164
            ],
            [
              80.44570794316745,
              16.322292236974164
            ]
          ]
        ]
      }
    },
    {
      "type": "Feature",
      "properties": {
        "id": 431,
        "building": "yes",
        "source": "synthetic_osm_like",
        "note": "Replace with real OSM data via Overpass API for production"
      },
      "geometry": {
        "type": "Polygon",
        "coordinates": [
          [
            [
              80.43866840452371,
              16.298949833939226
            ],
            [
              80.43866840452371,
              16.298976568284758
            ],
            [
              80.43870979701045,
              16.298976568284758
            ],
            [
              80.43870979701045,
              16.298949833939226
            ],
            [
              80.43866840452371,
              16.298949833939226
            ]
          ]
        ]
      }
    },
    {
      "type": "Feature",
      "properties": {
        "id": 432,
        "building": "yes",
        "source": "synthetic_osm_like",
        "note": "Replace with real OSM data via Overpass API for production"
      },
      "geometry": {
        "type": "Polygon",
        "coordinates": [
          [
            [
              80.43023347335773,
              16.30491265656956
            ],
            [
              80.43023347335773,
              16.30507318274172
            ],
            [
              80.43051387791832,
              16.30507318274172
            ],
            [
              80.43051387791832,
              16.30491265656956
            ],
            [
              80.43023347335773,
              16.30491265656956
            ]
          ]
        ]
      }
    },
    {
      "type": "Feature",
      "properties": {
        "id": 433,
        "building": "yes",
        "source": "synthetic_osm_like",
        "note": "Replace with real OSM data via Overpass API for production"
      },
      "geometry": {
        "type": "Polygon",
        "coordinates": [
          [
            [
              80.43692359597276,
              16.28475007539745
            ],
            [
              80.43692359597276,
              16.28478610814962
            ],
            [
              80.43701869001708,
              16.28478610814962
            ],
            [
              80.43701869001708,
              16.28475007539745
            ],
            [
              80.43692359597276,
              16.28475007539745
            ]
          ]
        ]
      }
    },
    {
      "type": "Feature",
      "properties": {
        "id": 434,
        "building": "yes",
        "source": "synthetic_osm_like",
        "note": "Replace with real OSM data via Overpass API for production"
      },
      "geometry": {
        "type": "Polygon",
        "coordinates": [
          [
            [
              80.43323465712514,
              16.324363015019514
            ],
            [
              80.43323465712514,
              16.32439241568393
            ],
            [
              80.4333353831452,
              16.32439241568393
            ],
            [
              80.4333353831452,
              16.324363015019514
            ],
            [
              80.43323465712514,
              16.324363015019514
            ]
          ]
        ]
      }
    },
    {
      "type": "Feature",
      "properties": {
        "id": 435,
        "building": "yes",
        "source": "synthetic_osm_like",
        "note": "Replace with real OSM data via Overpass API for production"
      },
      "geometry": {
        "type": "Polygon",
        "coordinates": [
          [
            [
              80.43942070633355,
              16.324930328473194
            ],
            [
              80.43942070633355,
              16.325000836613306
            ],
            [
              80.43947067463318,
              16.325000836613306
            ],
            [
              80.43947067463318,
              16.324930328473194
            ],
            [
              80.43942070633355,
              16.324930328473194
            ]
          ]
        ]
      }
    },
    {
      "type": "Feature",
      "properties": {
        "id": 436,
        "building": "yes",
        "source": "synthetic_osm_like",
        "note": "Replace with real OSM data via Overpass API for production"
      },
      "geometry": {
        "type": "Polygon",
        "coordinates": [
          [
            [
              80.44100888718597,
              16.327984762177195
            ],
            [
              80.44100888718597,
              16.3281621568104
            ],
            [
              80.44117616738586,
              16.3281621568104
            ],
            [
              80.44117616738586,
              16.327984762177195
            ],
            [
              80.44100888718597,
              16.327984762177195
            ]
          ]
        ]
      }
    },
    {
      "type": "Feature",
      "properties": {
        "id": 437,
        "building": "yes",
        "source": "synthetic_osm_like",
        "note": "Replace with real OSM data via Overpass API for production"
      },
      "geometry": {
        "type": "Polygon",
        "coordinates": [
          [
            [
              80.41132787029541,
              16.28379527805737
            ],
            [
              80.41132787029541,
              16.283898471086765
            ],
            [
              80.41141516480467,
              16.283898471086765
            ],
            [
              80.41141516480467,
              16.28379527805737
            ],
            [
              80.41132787029541,
              16.28379527805737
            ]
          ]
        ]
      }
    },
    {
      "type": "Feature",
      "properties": {
        "id": 438,
        "building": "yes",
        "source": "synthetic_osm_like",
        "note": "Replace with real OSM data via Overpass API for production"
      },
      "geometry": {
        "type": "Polygon",
        "coordinates": [
          [
            [
              80.4230695144282,
              16.324779337928202
            ],
            [
              80.4230695144282,
              16.324873238772067
            ],
            [
              80.42337266311885,
              16.324873238772067
            ],
            [
              80.42337266311885,
              16.324779337928202
            ],
            [
              80.4230695144282,
              16.324779337928202
            ]
          ]
        ]
      }
    },
    {
      "type": "Feature",
      "properties": {
        "id": 439,
        "building": "yes",
        "source": "synthetic_osm_like",
        "note": "Replace with real OSM data via Overpass API for production"
      },
      "geometry": {
        "type": "Polygon",
        "coordinates": [
          [
            [
              80.43494941453616,
              16.31615939718775
            ],
            [
              80.43494941453616,
              16.316256959821683
            ],
            [
              80.43516158469313,
              16.316256959821683
            ],
            [
              80.43516158469313,
              16.31615939718775
            ],
            [
              80.43494941453616,
              16.31615939718775
            ]
          ]
        ]
      }
    },
    {
      "type": "Feature",
      "properties": {
        "id": 440,
        "building": "yes",
        "source": "synthetic_osm_like",
        "note": "Replace with real OSM data via Overpass API for production"
      },
      "geometry": {
        "type": "Polygon",
        "coordinates": [
          [
            [
              80.42375674912194,
              16.321825683082935
            ],
            [
              80.42375674912194,
              16.322041782678383
            ],
            [
              80.42392623538458,
              16.322041782678383
            ],
            [
              80.42392623538458,
              16.321825683082935
            ],
            [
              80.42375674912194,
              16.321825683082935
            ]
          ]
        ]
      }
    },
    {
      "type": "Feature",
      "properties": {
        "id": 441,
        "building": "yes",
        "source": "synthetic_osm_like",
        "note": "Replace with real OSM data via Overpass API for production"
      },
      "geometry": {
        "type": "Polygon",
        "coordinates": [
          [
            [
              80.40202116082358,
              16.31861673974144
            ],
            [
              80.40202116082358,
              16.318738751871688
            ],
            [
              80.40212643142874,
              16.318738751871688
            ],
            [
              80.40212643142874,
              16.31861673974144
            ],
            [
              80.40202116082358,
              16.31861673974144
            ]
          ]
        ]
      }
    },
    {
      "type": "Feature",
      "properties": {
        "id": 442,
        "building": "yes",
        "source": "synthetic_osm_like",
        "note": "Replace with real OSM data via Overpass API for production"
      },
      "geometry": {
        "type": "Polygon",
        "coordinates": [
          [
            [
              80.46579991541692,
              16.29772974329207
            ],
            [
              80.46579991541692,
              16.297851376478516
            ],
            [
              80.46596008287896,
              16.297851376478516
            ],
            [
              80.46596008287896,
              16.29772974329207
            ],
            [
              80.46579991541692,
              16.29772974329207
            ]
          ]
        ]
      }
    },
    {
      "type": "Feature",
      "properties": {
        "id": 443,
        "building": "yes",
        "source": "synthetic_osm_like",
        "note": "Replace with real OSM data via Overpass API for production"
      },
      "geometry": {
        "type": "Polygon",
        "coordinates": [
          [
            [
              80.44325363459998,
              16.284192236173894
            ],
            [
              80.44325363459998,
              16.284377175589782
            ],
            [
              80.4433525900364,
              16.284377175589782
            ],
            [
              80.4433525900364,
              16.284192236173894
            ],
            [
              80.44325363459998,
              16.284192236173894
            ]
          ]
        ]
      }
    },
    {
      "type": "Feature",
      "properties": {
        "id": 444,
        "building": "yes",
        "source": "synthetic_osm_like",
        "note": "Replace with real OSM data via Overpass API for production"
      },
      "geometry": {
        "type": "Polygon",
        "coordinates": [
          [
            [
              80.4497512063675,
              16.28763026506733
            ],
            [
              80.4497512063675,
              16.287791831319222
            ],
            [
              80.44988359530151,
              16.287791831319222
            ],
            [
              80.44988359530151,
              16.28763026506733
            ],
            [
              80.4497512063675,
              16.28763026506733
            ]
          ]
        ]
      }
    },
    {
      "type": "Feature",
      "properties": {
        "id": 445,
        "building": "yes",
        "source": "synthetic_osm_like",
        "note": "Replace with real OSM data via Overpass API for production"
      },
      "geometry": {
        "type": "Polygon",
        "coordinates": [
          [
            [
              80.40032292587449,
              16.285290374415187
            ],
            [
              80.40032292587449,
              16.285364717355943
            ],
            [
              80.40040440525732,
              16.285364717355943
            ],
            [
              80.40040440525732,
              16.285290374415187
            ],
            [
              80.40032292587449,
              16.285290374415187
            ]
          ]
        ]
      }
    },
    {
      "type": "Feature",
      "properties": {
        "id": 446,
        "building": "yes",
        "source": "synthetic_osm_like",
        "note": "Replace with real OSM data via Overpass API for production"
      },
      "geometry": {
        "type": "Polygon",
        "coordinates": [
          [
            [
              80.41305637128507,
              16.286569767666744
            ],
            [
              80.41305637128507,
              16.286680932782676
            ],
            [
              80.41317847840885,
              16.286680932782676
            ],
            [
              80.41317847840885,
              16.286569767666744
            ],
            [
              80.41305637128507,
              16.286569767666744
            ]
          ]
        ]
      }
    },
    {
      "type": "Feature",
      "properties": {
        "id": 447,
        "building": "yes",
        "source": "synthetic_osm_like",
        "note": "Replace with real OSM data via Overpass API for production"
      },
      "geometry": {
        "type": "Polygon",
        "coordinates": [
          [
            [
              80.42474447174827,
              16.28128155078592
            ],
            [
              80.42474447174827,
              16.281344639615412
            ],
            [
              80.42480352848007,
              16.281344639615412
            ],
            [
              80.42480352848007,
              16.28128155078592
            ],
            [
              80.42474447174827,
              16.28128155078592
            ]
          ]
        ]
      }
    },
    {
      "type": "Feature",
      "properties": {
        "id": 448,
        "building": "yes",
        "source": "synthetic_osm_like",
        "note": "Replace with real OSM data via Overpass API for production"
      },
      "geometry": {
        "type": "Polygon",
        "coordinates": [
          [
            [
              80.42033558209617,
              16.299233488167634
            ],
            [
              80.42033558209617,
              16.29929030357196
            ],
            [
              80.42052304708533,
              16.29929030357196
            ],
            [
              80.42052304708533,
              16.299233488167634
            ],
            [
              80.42033558209617,
              16.299233488167634
            ]
          ]
        ]
      }
    },
    {
      "type": "Feature",
      "properties": {
        "id": 449,
        "building": "yes",
        "source": "synthetic_osm_like",
        "note": "Replace with real OSM data via Overpass API for production"
      },
      "geometry": {
        "type": "Polygon",
        "coordinates": [
          [
            [
              80.46840404072512,
              16.325219539070154
            ],
            [
              80.46840404072512,
              16.325301218361176
            ],
            [
              80.46854018823683,
              16.325301218361176
            ],
            [
              80.46854018823683,
              16.325219539070154
            ],
            [
              80.46840404072512,
              16.325219539070154
            ]
          ]
        ]
      }
    },
    {
      "type": "Feature",
      "properties": {
        "id": 450,
        "building": "yes",
        "source": "synthetic_osm_like",
        "note": "Replace with real OSM data via Overpass API for production"
      },
      "geometry": {
        "type": "Polygon",
        "coordinates": [
          [
            [
              80.42101236121528,
              16.286910639565306
            ],
            [
              80.42101236121528,
              16.286973366330635
            ],
            [
              80.42114601593724,
              16.286973366330635
            ],
            [
              80.42114601593724,
              16.286910639565306
            ],
            [
              80.42101236121528,
              16.286910639565306
            ]
          ]
        ]
      }
    },
    {
      "type": "Feature",
      "properties": {
        "id": 451,
        "building": "yes",
        "source": "synthetic_osm_like",
        "note": "Replace with real OSM data via Overpass API for production"
      },
      "geometry": {
        "type": "Polygon",
        "coordinates": [
          [
            [
              80.43387114111091,
              16.301034339836285
            ],
            [
              80.43387114111091,
              16.301075894140965
            ],
            [
              80.43392124283984,
              16.301075894140965
            ],
            [
              80.43392124283984,
              16.301034339836285
            ],
            [
              80.43387114111091,
              16.301034339836285
            ]
          ]
        ]
      }
    },
    {
      "type": "Feature",
      "properties": {
        "id": 452,
        "building": "yes",
        "source": "synthetic_osm_like",
        "note": "Replace with real OSM data via Overpass API for production"
      },
      "geometry": {
        "type": "Polygon",
        "coordinates": [
          [
            [
              80.44153091793427,
              16.311230056435814
            ],
            [
              80.44153091793427,
              16.311273312341076
            ],
            [
              80.44160197779121,
              16.311273312341076
            ],
            [
              80.44160197779121,
              16.311230056435814
            ],
            [
              80.44153091793427,
              16.311230056435814
            ]
          ]
        ]
      }
    },
    {
      "type": "Feature",
      "properties": {
        "id": 453,
        "building": "yes",
        "source": "synthetic_osm_like",
        "note": "Replace with real OSM data via Overpass API for production"
      },
      "geometry": {
        "type": "Polygon",
        "coordinates": [
          [
            [
              80.42318864388508,
              16.327357396382297
            ],
            [
              80.42318864388508,
              16.327524949857157
            ],
            [
              80.42332176625854,
              16.327524949857157
            ],
            [
              80.42332176625854,
              16.327357396382297
            ],
            [
              80.42318864388508,
              16.327357396382297
            ]
          ]
        ]
      }
    },
    {
      "type": "Feature",
      "properties": {
        "id": 454,
        "building": "yes",
        "source": "synthetic_osm_like",
        "note": "Replace with real OSM data via Overpass API for production"
      },
      "geometry": {
        "type": "Polygon",
        "coordinates": [
          [
            [
              80.45702432142163,
              16.29661833398296
            ],
            [
              80.45702432142163,
              16.296855288391736
            ],
            [
              80.4571422443788,
              16.296855288391736
            ],
            [
              80.4571422443788,
              16.29661833398296
            ],
            [
              80.45702432142163,
              16.29661833398296
            ]
          ]
        ]
      }
    },
    {
      "type": "Feature",
      "properties": {
        "id": 455,
        "building": "yes",
        "source": "synthetic_osm_like",
        "note": "Replace with real OSM data via Overpass API for production"
      },
      "geometry": {
        "type": "Polygon",
        "coordinates": [
          [
            [
              80.4662365245458,
              16.296003955463384
            ],
            [
              80.4662365245458,
              16.296062560074127
            ],
            [
              80.46638252453646,
              16.296062560074127
            ],
            [
              80.46638252453646,
              16.296003955463384
            ],
            [
              80.4662365245458,
              16.296003955463384
            ]
          ]
        ]
      }
    },
    {
      "type": "Feature",
      "properties": {
        "id": 456,
        "building": "yes",
        "source": "synthetic_osm_like",
        "note": "Replace with real OSM data via Overpass API for production"
      },
      "geometry": {
        "type": "Polygon",
        "coordinates": [
          [
            [
              80.4203029149247,
              16.328367604691298
            ],
            [
              80.4203029149247,
              16.328504917483368
            ],
            [
              80.4204998262965,
              16.328504917483368
            ],
            [
              80.4204998262965,
              16.328367604691298
            ],
            [
              80.4203029149247,
              16.328367604691298
            ]
          ]
        ]
      }
    },
    {
      "type": "Feature",
      "properties": {
        "id": 457,
        "building": "yes",
        "source": "synthetic_osm_like",
        "note": "Replace with real OSM data via Overpass API for production"
      },
      "geometry": {
        "type": "Polygon",
        "coordinates": [
          [
            [
              80.42626972921319,
              16.29205204117217
            ],
            [
              80.42626972921319,
              16.292190388505887
            ],
            [
              80.4263780131122,
              16.292190388505887
            ],
            [
              80.4263780131122,
              16.29205204117217
            ],
            [
              80.42626972921319,
              16.29205204117217
            ]
          ]
        ]
      }
    },
    {
      "type": "Feature",
      "properties": {
        "id": 458,
        "building": "yes",
        "source": "synthetic_osm_like",
        "note": "Replace with real OSM data via Overpass API for production"
      },
      "geometry": {
        "type": "Polygon",
        "coordinates": [
          [
            [
              80.44137412917078,
              16.308122546025608
            ],
            [
              80.44137412917078,
              16.308262504837273
            ],
            [
              80.44153765562427,
              16.308262504837273
            ],
            [
              80.44153765562427,
              16.308122546025608
            ],
            [
              80.44137412917078,
              16.308122546025608
            ]
          ]
        ]
      }
    },
    {
      "type": "Feature",
      "properties": {
        "id": 459,
        "building": "yes",
        "source": "synthetic_osm_like",
        "note": "Replace with real OSM data via Overpass API for production"
      },
      "geometry": {
        "type": "Polygon",
        "coordinates": [
          [
            [
              80.4322450308885,
              16.327584367147693
            ],
            [
              80.4322450308885,
              16.327716094000934
            ],
            [
              80.43238208030816,
              16.327716094000934
            ],
            [
              80.43238208030816,
              16.327584367147693
            ],
            [
              80.4322450308885,
              16.327584367147693
            ]
          ]
        ]
      }
    },
    {
      "type": "Feature",
      "properties": {
        "id": 460,
        "building": "yes",
        "source": "synthetic_osm_like",
        "note": "Replace with real OSM data via Overpass API for production"
      },
      "geometry": {
        "type": "Polygon",
        "coordinates": [
          [
            [
              80.4572286036442,
              16.314572611169016
            ],
            [
              80.4572286036442,
              16.314710916763413
            ],
            [
              80.45742657587643,
              16.314710916763413
            ],
            [
              80.45742657587643,
              16.314572611169016
            ],
            [
              80.4572286036442,
              16.314572611169016
            ]
          ]
        ]
      }
    },
    {
      "type": "Feature",
      "properties": {
        "id": 461,
        "building": "yes",
        "source": "synthetic_osm_like",
        "note": "Replace with real OSM data via Overpass API for production"
      },
      "geometry": {
        "type": "Polygon",
        "coordinates": [
          [
            [
              80.41682423961454,
              16.31158558274943
            ],
            [
              80.41682423961454,
              16.311748021215934
            ],
            [
              80.41705872385937,
              16.311748021215934
            ],
            [
              80.41705872385937,
              16.31158558274943
            ],
            [
              80.41682423961454,
              16.31158558274943
            ]
          ]
        ]
      }
    },
    {
      "type": "Feature",
      "properties": {
        "id": 462,
        "building": "yes",
        "source": "synthetic_osm_like",
        "note": "Replace with real OSM data via Overpass API for production"
      },
      "geometry": {
        "type": "Polygon",
        "coordinates": [
          [
            [
              80.46927718566708,
              16.283648941824964
            ],
            [
              80.46927718566708,
              16.283747571733265
            ],
            [
              80.46942090035408,
              16.283747571733265
            ],
            [
              80.46942090035408,
              16.283648941824964
            ],
            [
              80.46927718566708,
              16.283648941824964
            ]
          ]
        ]
      }
    },
    {
      "type": "Feature",
      "properties": {
        "id": 463,
        "building": "yes",
        "source": "synthetic_osm_like",
        "note": "Replace with real OSM data via Overpass API for production"
      },
      "geometry": {
        "type": "Polygon",
        "coordinates": [
          [
            [
              80.44835563385116,
              16.325943347015336
            ],
            [
              80.44835563385116,
              16.32609587143249
            ],
            [
              80.44848360737457,
              16.32609587143249
            ],
            [
              80.44848360737457,
              16.325943347015336
            ],
            [
              80.44835563385116,
              16.325943347015336
            ]
          ]
        ]
      }
    },
    {
      "type": "Feature",
      "properties": {
        "id": 464,
        "building": "yes",
        "source": "synthetic_osm_like",
        "note": "Replace with real OSM data via Overpass API for production"
      },
      "geometry": {
        "type": "Polygon",
        "coordinates": [
          [
            [
              80.43747064867698,
              16.324736786289737
            ],
            [
              80.43747064867698,
              16.324813365246353
            ],
            [
              80.43769618936646,
              16.324813365246353
            ],
            [
              80.43769618936646,
              16.324736786289737
            ],
            [
              80.43747064867698,
              16.324736786289737
            ]
          ]
        ]
      }
    },
    {
      "type": "Feature",
      "properties": {
        "id": 465,
        "building": "yes",
        "source": "synthetic_osm_like",
        "note": "Replace with real OSM data via Overpass API for production"
      },
      "geometry": {
        "type": "Polygon",
        "coordinates": [
          [
            [
              80.4247146718276,
              16.312844132347447
            ],
            [
              80.4247146718276,
              16.312916032110625
            ],
            [
              80.4249865628952,
              16.312916032110625
            ],
            [
              80.4249865628952,
              16.312844132347447
            ],
            [
              80.4247146718276,
              16.312844132347447
            ]
          ]
        ]
      }
    },
    {
      "type": "Feature",
      "properties": {
        "id": 466,
        "building": "yes",
        "source": "synthetic_osm_like",
        "note": "Replace with real OSM data via Overpass API for production"
      },
      "geometry": {
        "type": "Polygon",
        "coordinates": [
          [
            [
              80.42788589753786,
              16.31376635045022
            ],
            [
              80.42788589753786,
              16.313980839136196
            ],
            [
              80.42806058693367,
              16.313980839136196
            ],
            [
              80.42806058693367,
              16.31376635045022
            ],
            [
              80.42788589753786,
              16.31376635045022
            ]
          ]
        ]
      }
    },
    {
      "type": "Feature",
      "properties": {
        "id": 467,
        "building": "yes",
        "source": "synthetic_osm_like",
        "note": "Replace with real OSM data via Overpass API for production"
      },
      "geometry": {
        "type": "Polygon",
        "coordinates": [
          [
            [
              80.41803048217295,
              16.280469455985457
            ],
            [
              80.41803048217295,
              16.280585321293
            ],
            [
              80.41819288968358,
              16.280585321293
            ],
            [
              80.41819288968358,
              16.280469455985457
            ],
            [
              80.41803048217295,
              16.280469455985457
            ]
          ]
        ]
      }
    },
    {
      "type": "Feature",
      "properties": {
        "id": 468,
        "building": "yes",
        "source": "synthetic_osm_like",
        "note": "Replace with real OSM data via Overpass API for production"
      },
      "geometry": {
        "type": "Polygon",
        "coordinates": [
          [
            [
              80.43113417043712,
              16.30869966715129
            ],
            [
              80.43113417043712,
              16.30882387267575
            ],
            [
              80.43127482677356,
              16.30882387267575
            ],
            [
              80.43127482677356,
              16.30869966715129
            ],
            [
              80.43113417043712,
              16.30869966715129
            ]
          ]
        ]
      }
    },
    {
      "type": "Feature",
      "properties": {
        "id": 469,
        "building": "yes",
        "source": "synthetic_osm_like",
        "note": "Replace with real OSM data via Overpass API for production"
      },
      "geometry": {
        "type": "Polygon",
        "coordinates": [
          [
            [
              80.42411947971549,
              16.305008711795537
            ],
            [
              80.42411947971549,
              16.305037866366433
            ],
            [
              80.42417595454846,
              16.305037866366433
            ],
            [
              80.42417595454846,
              16.305008711795537
            ],
            [
              80.42411947971549,
              16.305008711795537
            ]
          ]
        ]
      }
    },
    {
      "type": "Feature",
      "properties": {
        "id": 470,
        "building": "yes",
        "source": "synthetic_osm_like",
        "note": "Replace with real OSM data via Overpass API for production"
      },
      "geometry": {
        "type": "Polygon",
        "coordinates": [
          [
            [
              80.4080382888323,
              16.32803131556218
            ],
            [
              80.4080382888323,
              16.328141471005814
            ],
            [
              80.40821141848195,
              16.328141471005814
            ],
            [
              80.40821141848195,
              16.32803131556218
            ],
            [
              80.4080382888323,
              16.32803131556218
            ]
          ]
        ]
      }
    },
    {
      "type": "Feature",
      "properties": {
        "id": 471,
        "building": "yes",
        "source": "synthetic_osm_like",
        "note": "Replace with real OSM data via Overpass API for production"
      },
      "geometry": {
        "type": "Polygon",
        "coordinates": [
          [
            [
              80.41441440482413,
              16.302712948565837
            ],
            [
              80.41441440482413,
              16.30282031495675
            ],
            [
              80.41454702084505,
              16.30282031495675
            ],
            [
              80.41454702084505,
              16.302712948565837
            ],
            [
              80.41441440482413,
              16.302712948565837
            ]
          ]
        ]
      }
    },
    {
      "type": "Feature",
      "properties": {
        "id": 472,
        "building": "yes",
        "source": "synthetic_osm_like",
        "note": "Replace with real OSM data via Overpass API for production"
      },
      "geometry": {
        "type": "Polygon",
        "coordinates": [
          [
            [
              80.42229374563972,
              16.314782234618384
            ],
            [
              80.42229374563972,
              16.31489409193398
            ],
            [
              80.42235358075077,
              16.31489409193398
            ],
            [
              80.42235358075077,
              16.314782234618384
            ],
            [
              80.42229374563972,
              16.314782234618384
            ]
          ]
        ]
      }
    },
    {
      "type": "Feature",
      "properties": {
        "id": 473,
        "building": "yes",
        "source": "synthetic_osm_like",
        "note": "Replace with real OSM data via Overpass API for production"
      },
      "geometry": {
        "type": "Polygon",
        "coordinates": [
          [
            [
              80.44521773119182,
              16.32241377189546
            ],
            [
              80.44521773119182,
              16.322504228909228
            ],
            [
              80.44549805722706,
              16.322504228909228
            ],
            [
              80.44549805722706,
              16.32241377189546
            ],
            [
              80.44521773119182,
              16.32241377189546
            ]
          ]
        ]
      }
    },
    {
      "type": "Feature",
      "properties": {
        "id": 474,
        "building": "yes",
        "source": "synthetic_osm_like",
        "note": "Replace with real OSM data via Overpass API for production"
      },
      "geometry": {
        "type": "Polygon",
        "coordinates": [
          [
            [
              80.41214460926845,
              16.292160410893224
            ],
            [
              80.41214460926845,
              16.292230883761974
            ],
            [
              80.41227884332694,
              16.292230883761974
            ],
            [
              80.41227884332694,
              16.292160410893224
            ],
            [
              80.41214460926845,
              16.292160410893224
            ]
          ]
        ]
      }
    },
    {
      "type": "Feature",
      "properties": {
        "id": 475,
        "building": "yes",
        "source": "synthetic_osm_like",
        "note": "Replace with real OSM data via Overpass API for production"
      },
      "geometry": {
        "type": "Polygon",
        "coordinates": [
          [
            [
              80.42831158999722,
              16.291552991866244
            ],
            [
              80.42831158999722,
              16.2916325628749
            ],
            [
              80.428395051082,
              16.2916325628749
            ],
            [
              80.428395051082,
              16.291552991866244
            ],
            [
              80.42831158999722,
              16.291552991866244
            ]
          ]
        ]
      }
    },
    {
      "type": "Feature",
      "properties": {
        "id": 476,
        "building": "yes",
        "source": "synthetic_osm_like",
        "note": "Replace with real OSM data via Overpass API for production"
      },
      "geometry": {
        "type": "Polygon",
        "coordinates": [
          [
            [
              80.44294713886656,
              16.28142056506741
            ],
            [
              80.44294713886656,
              16.281498662366833
            ],
            [
              80.4430278323655,
              16.281498662366833
            ],
            [
              80.4430278323655,
              16.28142056506741
            ],
            [
              80.44294713886656,
              16.28142056506741
            ]
          ]
        ]
      }
    },
    {
      "type": "Feature",
      "properties": {
        "id": 477,
        "building": "yes",
        "source": "synthetic_osm_like",
        "note": "Replace with real OSM data via Overpass API for production"
      },
      "geometry": {
        "type": "Polygon",
        "coordinates": [
          [
            [
              80.41435965448359,
              16.315141054465155
            ],
            [
              80.41435965448359,
              16.315332507130815
            ],
            [
              80.41445017262784,
              16.315332507130815
            ],
            [
              80.41445017262784,
              16.315141054465155
            ],
            [
              80.41435965448359,
              16.315141054465155
            ]
          ]
        ]
      }
    },
    {
      "type": "Feature",
      "properties": {
        "id": 478,
        "building": "yes",
        "source": "synthetic_osm_like",
        "note": "Replace with real OSM data via Overpass API for production"
      },
      "geometry": {
        "type": "Polygon",
        "coordinates": [
          [
            [
              80.46099522956163,
              16.28505864845411
            ],
            [
              80.46099522956163,
              16.285116556418608
            ],
            [
              80.46108187663975,
              16.285116556418608
            ],
            [
              80.46108187663975,
              16.28505864845411
            ],
            [
              80.46099522956163,
              16.28505864845411
            ]
          ]
        ]
      }
    },
    {
      "type": "Feature",
      "properties": {
        "id": 479,
        "building": "yes",
        "source": "synthetic_osm_like",
        "note": "Replace with real OSM data via Overpass API for production"
      },
      "geometry": {
        "type": "Polygon",
        "coordinates": [
          [
            [
              80.46030021835284,
              16.293051588145
            ],
            [
              80.46030021835284,
              16.29318375140024
            ],
            [
              80.46046889829117,
              16.29318375140024
            ],
            [
              80.46046889829117,
              16.293051588145
            ],
            [
              80.46030021835284,
              16.293051588145
            ]
          ]
        ]
      }
    },
    {
      "type": "Feature",
      "properties": {
        "id": 480,
        "building": "yes",
        "source": "synthetic_osm_like",
        "note": "Replace with real OSM data via Overpass API for production"
      },
      "geometry": {
        "type": "Polygon",
        "coordinates": [
          [
            [
              80.44102213182461,
              16.310503663641757
            ],
            [
              80.44102213182461,
              16.310627178472142
            ],
            [
              80.44115852821452,
              16.310627178472142
            ],
            [
              80.44115852821452,
              16.310503663641757
            ],
            [
              80.44102213182461,
              16.310503663641757
            ]
          ]
        ]
      }
    },
    {
      "type": "Feature",
      "properties": {
        "id": 481,
        "building": "yes",
        "source": "synthetic_osm_like",
        "note": "Replace with real OSM data via Overpass API for production"
      },
      "geometry": {
        "type": "Polygon",
        "coordinates": [
          [
            [
              80.44939141477118,
              16.32063954976157
            ],
            [
              80.44939141477118,
              16.320734275664524
            ],
            [
              80.44944695576126,
              16.320734275664524
            ],
            [
              80.44944695576126,
              16.32063954976157
            ],
            [
              80.44939141477118,
              16.32063954976157
            ]
          ]
        ]
      }
    },
    {
      "type": "Feature",
      "properties": {
        "id": 482,
        "building": "yes",
        "source": "synthetic_osm_like",
        "note": "Replace with real OSM data via Overpass API for production"
      },
      "geometry": {
        "type": "Polygon",
        "coordinates": [
          [
            [
              80.40818126852727,
              16.286667995540377
            ],
            [
              80.40818126852727,
              16.286726781424697
            ],
            [
              80.40831936284536,
              16.286726781424697
            ],
            [
              80.40831936284536,
              16.286667995540377
            ],
            [
              80.40818126852727,
              16.286667995540377
            ]
          ]
        ]
      }
    },
    {
      "type": "Feature",
      "properties": {
        "id": 483,
        "building": "yes",
        "source": "synthetic_osm_like",
        "note": "Replace with real OSM data via Overpass API for production"
      },
      "geometry": {
        "type": "Polygon",
        "coordinates": [
          [
            [
              80.42925098285235,
              16.30551318890019
            ],
            [
              80.42925098285235,
              16.30556929804853
            ],
            [
              80.42930249201723,
              16.30556929804853
            ],
            [
              80.42930249201723,
              16.30551318890019
            ],
            [
              80.42925098285235,
              16.30551318890019
            ]
          ]
        ]
      }
    },
    {
      "type": "Feature",
      "properties": {
        "id": 484,
        "building": "yes",
        "source": "synthetic_osm_like",
        "note": "Replace with real OSM data via Overpass API for production"
      },
      "geometry": {
        "type": "Polygon",
        "coordinates": [
          [
            [
              80.44844877604933,
              16.31167619206663
            ],
            [
              80.44844877604933,
              16.311873972139228
            ],
            [
              80.44863183366479,
              16.311873972139228
            ],
            [
              80.44863183366479,
              16.31167619206663
            ],
            [
              80.44844877604933,
              16.31167619206663
            ]
          ]
        ]
      }
    },
    {
      "type": "Feature",
      "properties": {
        "id": 485,
        "building": "yes",
        "source": "synthetic_osm_like",
        "note": "Replace with real OSM data via Overpass API for production"
      },
      "geometry": {
        "type": "Polygon",
        "coordinates": [
          [
            [
              80.40979435940768,
              16.304440588134334
            ],
            [
              80.40979435940768,
              16.304523614484886
            ],
            [
              80.40984715550603,
              16.304523614484886
            ],
            [
              80.40984715550603,
              16.304440588134334
            ],
            [
              80.40979435940768,
              16.304440588134334
            ]
          ]
        ]
      }
    },
    {
      "type": "Feature",
      "properties": {
        "id": 486,
        "building": "yes",
        "source": "synthetic_osm_like",
        "note": "Replace with real OSM data via Overpass API for production"
      },
      "geometry": {
        "type": "Polygon",
        "coordinates": [
          [
            [
              80.40060666635453,
              16.29791032337141
            ],
            [
              80.40060666635453,
              16.297993593845725
            ],
            [
              80.40073501518434,
              16.297993593845725
            ],
            [
              80.40073501518434,
              16.29791032337141
            ],
            [
              80.40060666635453,
              16.29791032337141
            ]
          ]
        ]
      }
    },
    {
      "type": "Feature",
      "properties": {
        "id": 487,
        "building": "yes",
        "source": "synthetic_osm_like",
        "note": "Replace with real OSM data via Overpass API for production"
      },
      "geometry": {
        "type": "Polygon",
        "coordinates": [
          [
            [
              80.43452212724256,
              16.305209099653286
            ],
            [
              80.43452212724256,
              16.30533470231978
            ],
            [
              80.43477365145876,
              16.30533470231978
            ],
            [
              80.43477365145876,
              16.305209099653286
            ],
            [
              80.43452212724256,
              16.305209099653286
            ]
          ]
        ]
      }
    },
    {
      "type": "Feature",
      "properties": {
        "id": 488,
        "building": "yes",
        "source": "synthetic_osm_like",
        "note": "Replace with real OSM data via Overpass API for production"
      },
      "geometry": {
        "type": "Polygon",
        "coordinates": [
          [
            [
              80.40576296028821,
              16.304404033090922
            ],
            [
              80.40576296028821,
              16.304465918103045
            ],
            [
              80.4058109273219,
              16.304465918103045
            ],
            [
              80.4058109273219,
              16.304404033090922
            ],
            [
              80.40576296028821,
              16.304404033090922
            ]
          ]
        ]
      }
    },
    {
      "type": "Feature",
      "properties": {
        "id": 489,
        "building": "yes",
        "source": "synthetic_osm_like",
        "note": "Replace with real OSM data via Overpass API for production"
      },
      "geometry": {
        "type": "Polygon",
        "coordinates": [
          [
            [
              80.43757579098911,
              16.293710297469055
            ],
            [
              80.43757579098911,
              16.2937749943583
            ],
            [
              80.43768941555956,
              16.2937749943583
            ],
            [
              80.43768941555956,
              16.293710297469055
            ],
            [
              80.43757579098911,
              16.293710297469055
            ]
          ]
        ]
      }
    },
    {
      "type": "Feature",
      "properties": {
        "id": 490,
        "building": "yes",
        "source": "synthetic_osm_like",
        "note": "Replace with real OSM data via Overpass API for production"
      },
      "geometry": {
        "type": "Polygon",
        "coordinates": [
          [
            [
              80.43842871152374,
              16.318277499228266
            ],
            [
              80.43842871152374,
              16.3183144562661
            ],
            [
              80.43853295431158,
              16.3183144562661
            ],
            [
              80.43853295431158,
              16.318277499228266
            ],
            [
              80.43842871152374,
              16.318277499228266
            ]
          ]
        ]
      }
    },
    {
      "type": "Feature",
      "properties": {
        "id": 491,
        "building": "yes",
        "source": "synthetic_osm_like",
        "note": "Replace with real OSM data via Overpass API for production"
      },
      "geometry": {
        "type": "Polygon",
        "coordinates": [
          [
            [
              80.42555223110753,
              16.321121959867966
            ],
            [
              80.42555223110753,
              16.321206320931786
            ],
            [
              80.42580841698722,
              16.321206320931786
            ],
            [
              80.42580841698722,
              16.321121959867966
            ],
            [
              80.42555223110753,
              16.321121959867966
            ]
          ]
        ]
      }
    },
    {
      "type": "Feature",
      "properties": {
        "id": 492,
        "building": "yes",
        "source": "synthetic_osm_like",
        "note": "Replace with real OSM data via Overpass API for production"
      },
      "geometry": {
        "type": "Polygon",
        "coordinates": [
          [
            [
              80.46923453288814,
              16.30727861563074
            ],
            [
              80.46923453288814,
              16.307356711841454
            ],
            [
              80.46933406901461,
              16.307356711841454
            ],
            [
              80.46933406901461,
              16.30727861563074
            ],
            [
              80.46923453288814,
              16.30727861563074
            ]
          ]
        ]
      }
    },
    {
      "type": "Feature",
      "properties": {
        "id": 493,
        "building": "yes",
        "source": "synthetic_osm_like",
        "note": "Replace with real OSM data via Overpass API for production"
      },
      "geometry": {
        "type": "Polygon",
        "coordinates": [
          [
            [
              80.46985706590846,
              16.294840677744357
            ],
            [
              80.46985706590846,
              16.294930215765934
            ],
            [
              80.4700467077906,
              16.294930215765934
            ],
            [
              80.4700467077906,
              16.294840677744357
            ],
            [
              80.46985706590846,
              16.294840677744357
            ]
          ]
        ]
      }
    },
    {
      "type": "Feature",
      "properties": {
        "id": 494,
        "building": "yes",
        "source": "synthetic_osm_like",
        "note": "Replace with real OSM data via Overpass API for production"
      },
      "geometry": {
        "type": "Polygon",
        "coordinates": [
          [
            [
              80.46944345279064,
              16.301898434485782
            ],
            [
              80.46944345279064,
              16.30200855585255
            ],
            [
              80.46971062301395,
              16.30200855585255
            ],
            [
              80.46971062301395,
              16.301898434485782
            ],
            [
              80.46944345279064,
              16.301898434485782
            ]
          ]
        ]
      }
    },
    {
      "type": "Feature",
      "properties": {
        "id": 495,
        "building": "yes",
        "source": "synthetic_osm_like",
        "note": "Replace with real OSM data via Overpass API for production"
      },
      "geometry": {
        "type": "Polygon",
        "coordinates": [
          [
            [
              80.42448926443302,
              16.30931651163234
            ],
            [
              80.42448926443302,
              16.309475878065342
            ],
            [
              80.42459905332294,
              16.309475878065342
            ],
            [
              80.42459905332294,
              16.30931651163234
            ],
            [
              80.42448926443302,
              16.30931651163234
            ]
          ]
        ]
      }
    },
    {
      "type": "Feature",
      "properties": {
        "id": 496,
        "building": "yes",
        "source": "synthetic_osm_like",
        "note": "Replace with real OSM data via Overpass API for production"
      },
      "geometry": {
        "type": "Polygon",
        "coordinates": [
          [
            [
              80.41442445944925,
              16.28694138755861
            ],
            [
              80.41442445944925,
              16.286982109034067
            ],
            [
              80.41450229241691,
              16.286982109034067
            ],
            [
              80.41450229241691,
              16.28694138755861
            ],
            [
              80.41442445944925,
              16.28694138755861
            ]
          ]
        ]
      }
    },
    {
      "type": "Feature",
      "properties": {
        "id": 497,
        "building": "yes",
        "source": "synthetic_osm_like",
        "note": "Replace with real OSM data via Overpass API for production"
      },
      "geometry": {
        "type": "Polygon",
        "coordinates": [
          [
            [
              80.43767072619684,
              16.29400095542157
            ],
            [
              80.43767072619684,
              16.29410754645745
            ],
            [
              80.43775687024984,
              16.29410754645745
            ],
            [
              80.43775687024984,
              16.29400095542157
            ],
            [
              80.43767072619684,
              16.29400095542157
            ]
          ]
        ]
      }
    },
    {
      "type": "Feature",
      "properties": {
        "id": 498,
        "building": "yes",
        "source": "synthetic_osm_like",
        "note": "Replace with real OSM data via Overpass API for production"
      },
      "geometry": {
        "type": "Polygon",
        "coordinates": [
          [
            [
              80.46000167083035,
              16.29326236854122
            ],
            [
              80.46000167083035,
              16.29347193808659
            ],
            [
              80.46012068746212,
              16.29347193808659
            ],
            [
              80.46012068746212,
              16.29326236854122
            ],
            [
              80.46000167083035,
              16.29326236854122
            ]
          ]
        ]
      }
    },
    {
      "type": "Feature",
      "properties": {
        "id": 499,
        "building": "yes",
        "source": "synthetic_osm_like",
        "note": "Replace with real OSM data via Overpass API for production"
      },
      "geometry": {
        "type": "Polygon",
        "coordinates": [
          [
            [
              80.45484009652218,
              16.328012696157195
            ],
            [
              80.45484009652218,
              16.328264503342183
            ],
            [
              80.4551566502386,
              16.328264503342183
            ],
            [
              80.4551566502386,
              16.328012696157195
            ],
            [
              80.45484009652218,
              16.328012696157195
            ]
          ]
        ]
      }
    },
    {
      "type": "Feature",
      "properties": {
        "id": 500,
        "building": "yes",
        "source": "synthetic_osm_like",
        "note": "Replace with real OSM data via Overpass API for production"
      },
      "geometry": {
        "type": "Polygon",
        "coordinates": [
          [
            [
              80.46055420089463,
              16.28629682560588
            ],
            [
              80.46055420089463,
              16.2863919912555
            ],
            [
              80.46069683040413,
              16.2863919912555
            ],
            [
              80.46069683040413,
              16.28629682560588
            ],
            [
              80.46055420089463,
              16.28629682560588
            ]
          ]
        ]
      }
    }
  ]
}